"participant","set","activity","x","y","timestamp"
"P17","B","INTERPRET",1011,560,0
"P17","B","INTERPRET",1014,584,30
"P17","B","INTERPRET",1031,548,60
"P17","B","INTERPRET",1011,560,89
"P17","B","INTERPRET",1016,539,120
"P17","B","INTERPRET",1033,555,150
"P17","B","INTERPRET",1025,594,179
"P17","B","INTERPRET",1046,552,209
"P17","B","INTERPRET",1039,574,239
"P17","B","INTERPRET",1030,542,269
"P17","B","INTERPRET",1026,550,298
"P17","B","INTERPRET",1030,561,327
"P17","B","INTERPRET",1033,545,357
"P17","B","INTERPRET",1036,512,386
"P17","B","INTERPRET",878,495,417
"P17","B","INTERPRET",328,436,445
"P17","B","INTERPRET",254,448,475
"P17","B","INTERPRET",259,456,504
"P17","B","INTERPRET",271,460,533
"P17","B","INTERPRET",300,452,562
"P17","B","INTERPRET",264,450,591
"P17","B","INTERPRET",270,467,620
"P17","B","INTERPRET",277,450,649
"P17","B","INTERPRET",269,429,678
"P17","B","INTERPRET",267,458,707
"P17","B","INTERPRET",263,456,737
"P17","B","INTERPRET",267,469,766
"P17","B","INTERPRET",270,458,796
"P17","B","INTERPRET",280,425,825
"P17","B","INTERPRET",290,478,855
"P17","B","INTERPRET",292,476,885
"P17","B","INTERPRET",313,445,914
"P17","B","INTERPRET",323,477,944
"P17","B","INTERPRET",293,464,975
"P17","B","INTERPRET",295,474,1005
"P17","B","INTERPRET",-284,794,1114
"P17","B","INTERPRET",242,571,1139
"P17","B","INTERPRET",302,459,1200
"P17","B","INTERPRET",314,467,1225
"P17","B","INTERPRET",298,462,1256
"P17","B","INTERPRET",317,477,1286
"P17","B","INTERPRET",325,468,1315
"P17","B","INTERPRET",327,483,1345
"P17","B","INTERPRET",327,476,1374
"P17","B","INTERPRET",313,445,1404
"P17","B","INTERPRET",323,468,1434
"P17","B","INTERPRET",323,492,1463
"P17","B","INTERPRET",305,486,1493
"P17","B","INTERPRET",330,473,1524
"P17","B","INTERPRET",320,496,1554
"P17","B","INTERPRET",339,500,1584
"P17","B","INTERPRET",319,452,1614
"P17","B","INTERPRET",219,318,1644
"P17","B","INTERPRET",200,199,1674
"P17","B","INTERPRET",163,178,1704
"P17","B","INTERPRET",189,191,1733
"P17","B","INTERPRET",180,176,1763
"P17","B","INTERPRET",193,172,1792
"P17","B","INTERPRET",176,202,1821
"P17","B","INTERPRET",153,144,1850
"P17","B","INTERPRET",152,167,1880
"P17","B","INTERPRET",165,154,1908
"P17","B","INTERPRET",156,162,1937
"P17","B","INTERPRET",148,150,1966
"P17","B","INTERPRET",165,178,1996
"P17","B","INTERPRET",164,175,2024
"P17","B","INTERPRET",652,167,2054
"P17","B","INTERPRET",1328,204,2085
"P17","B","INTERPRET",1650,274,2115
"P17","B","INTERPRET",1632,279,2146
"P17","B","INTERPRET",1640,266,2177
"P17","B","INTERPRET",1619,264,2207
"P17","B","INTERPRET",1653,252,2238
"P17","B","INTERPRET",1642,230,2268
"P17","B","INTERPRET",1645,225,2298
"P17","B","INTERPRET",1650,270,2328
"P17","B","INTERPRET",1663,265,2357
"P17","B","INTERPRET",1638,314,2387
"P17","B","INTERPRET",1633,327,2417
"P17","B","INTERPRET",1648,308,2446
"P17","B","INTERPRET",1618,314,2476
"P17","B","INTERPRET",1656,316,2507
"P17","B","INTERPRET",1636,322,2537
"P17","B","INTERPRET",1656,331,2567
"P17","B","INTERPRET",1650,304,2598
"P17","B","INTERPRET",1652,308,2631
"P17","B","INTERPRET",1245,233,2661
"P17","B","INTERPRET",545,251,2694
"P17","B","INTERPRET",56,235,2724
"P17","B","INTERPRET",71,227,2757
"P17","B","INTERPRET",84,239,2787
"P17","B","INTERPRET",80,211,2830
"P17","B","INTERPRET",180,318,2926
"P17","B","INTERPRET",183,252,2965
"P17","B","INTERPRET",146,246,3032
"P17","B","INTERPRET",162,235,3107
"P17","B","INTERPRET",101,165,3190
"P17","B","INTERPRET",195,219,3248
"P17","B","INTERPRET",102,155,3305
"P17","B","INTERPRET",105,180,3355
"P17","B","INTERPRET",138,221,3381
"P17","B","INTERPRET",152,220,3414
"P17","B","INTERPRET",134,221,3451
"P17","B","INTERPRET",146,202,3508
"P17","B","INTERPRET",164,178,3546
"P17","B","INTERPRET",122,218,3583
"P17","B","INTERPRET",138,251,3620
"P17","B","INTERPRET",95,237,3655
"P17","B","INTERPRET",75,485,3692
"P17","B","INTERPRET",108,570,3744
"P17","B","INTERPRET",192,200,3780
"P17","B","INTERPRET",266,739,3869
"P17","B","INTERPRET",277,407,3907
"P17","B","INTERPRET",189,255,3945
"P17","B","INTERPRET",306,335,3985
"P17","B","INTERPRET",184,254,4053
"P17","B","INTERPRET",245,238,4091
"P17","B","INTERPRET",239,221,4155
"P17","B","INTERPRET",207,223,4195
"P17","B","INTERPRET",251,254,4232
"P17","B","INTERPRET",230,260,4270
"P17","B","INTERPRET",244,250,4315
"P17","B","INTERPRET",240,238,4355
"P17","B","INTERPRET",188,236,4392
"P17","B","INTERPRET",190,250,4428
"P17","B","INTERPRET",219,248,4473
"P17","B","INTERPRET",185,219,4510
"P17","B","INTERPRET",212,236,4557
"P17","B","INTERPRET",204,233,4592
"P17","B","INTERPRET",151,182,4629
"P17","B","INTERPRET",74,207,4747
"P17","B","INTERPRET",268,332,4823
"P17","B","INTERPRET",265,301,4915
"P17","B","INTERPRET",270,326,4942
"P17","B","INTERPRET",277,319,4991
"P17","B","INTERPRET",251,314,5030
"P17","B","INTERPRET",272,219,5098
"P17","B","INTERPRET",308,333,5230
"P17","B","INTERPRET",306,348,5347
"P17","B","INTERPRET",308,318,5457
"P17","B","INTERPRET",307,264,5502
"P17","B","INTERPRET",227,435,5651
"P17","B","INTERPRET",185,231,5734
"P17","B","INTERPRET",213,141,5944
"P17","B","INTERPRET",138,226,6155
"P17","B","INTERPRET",212,208,6179
"P17","B","INTERPRET",235,204,6224
"P17","B","INTERPRET",202,246,6263
"P17","B","INTERPRET",205,246,6304
"P17","B","INTERPRET",192,226,6339
"P17","B","INTERPRET",201,237,6374
"P17","B","INTERPRET",192,220,6408
"P17","B","INTERPRET",226,260,6443
"P17","B","INTERPRET",206,230,6477
"P17","B","INTERPRET",210,241,6511
"P17","B","INTERPRET",202,219,6546
"P17","B","INTERPRET",248,265,6586
"P17","B","INTERPRET",276,231,6621
"P17","B","INTERPRET",278,250,6656
"P17","B","INTERPRET",261,240,6691
"P17","B","INTERPRET",276,270,6732
"P17","B","INTERPRET",264,261,6765
"P17","B","INTERPRET",300,196,6800
"P17","B","INTERPRET",199,439,6934
"P17","B","INTERPRET",214,252,6977
"P17","B","INTERPRET",181,218,7051
"P17","B","INTERPRET",206,247,7078
"P17","B","INTERPRET",196,269,7135
"P17","B","INTERPRET",217,269,7169
"P17","B","INTERPRET",215,266,7203
"P17","B","INTERPRET",204,237,7239
"P17","B","INTERPRET",154,194,7274
"P17","B","INTERPRET",200,246,7308
"P17","B","INTERPRET",208,259,7371
"P17","B","INTERPRET",212,356,7407
"P17","B","INTERPRET",194,395,7441
"P17","B","INTERPRET",184,384,7483
"P17","B","INTERPRET",212,360,7517
"P17","B","INTERPRET",232,351,7557
"P17","B","INTERPRET",195,364,7598
"P17","B","INTERPRET",138,344,7633
"P17","B","INTERPRET",215,372,7674
"P17","B","INTERPRET",215,359,7712
"P17","B","INTERPRET",192,246,7746
"P17","B","INTERPRET",117,223,7783
"P17","B","INTERPRET",214,277,7819
"P17","B","INTERPRET",212,266,7873
"P17","B","INTERPRET",209,237,7908
"P17","B","INTERPRET",204,279,7944
"P17","B","INTERPRET",178,242,7978
"P17","B","INTERPRET",204,265,8012
"P17","B","INTERPRET",159,218,8053
"P17","B","INTERPRET",147,249,8089
"P17","B","INTERPRET",165,225,8124
"P17","B","INTERPRET",187,237,8158
"P17","B","INTERPRET",178,223,8193
"P17","B","INTERPRET",150,256,8228
"P17","B","INTERPRET",143,221,8263
"P17","B","INTERPRET",172,250,8298
"P17","B","INTERPRET",181,245,8335
"P17","B","INTERPRET",184,269,8370
"P17","B","INTERPRET",183,227,8405
"P17","B","INTERPRET",98,227,8462
"P17","B","INTERPRET",155,259,8512
"P17","B","INTERPRET",162,258,8567
"P17","B","INTERPRET",142,241,8603
"P17","B","INTERPRET",215,276,8645
"P17","B","INTERPRET",210,285,8707
"P17","B","INTERPRET",148,221,8749
"P17","B","INTERPRET",192,262,8790
"P17","B","INTERPRET",208,266,8852
"P17","B","INTERPRET",216,277,8889
"P17","B","INTERPRET",214,235,8925
"P17","B","INTERPRET",235,231,8960
"P17","B","INTERPRET",230,278,9002
"P17","B","INTERPRET",7,756,9098
"P17","B","INTERPRET",113,285,9210
"P17","B","INTERPRET",207,287,9233
"P17","B","INTERPRET",226,230,9281
"P17","B","INTERPRET",203,132,9323
"P17","B","INTERPRET",176,272,9391
"P17","B","INTERPRET",248,164,9428
"P17","B","INTERPRET",207,293,9472
"P17","B","INTERPRET",323,309,9509
"P17","B","INTERPRET",183,342,9593
"P17","B","INTERPRET",179,320,9663
"P17","B","INTERPRET",170,320,9742
"P17","B","INTERPRET",219,201,9803
"P17","B","INTERPRET",183,250,9861
"P17","B","INTERPRET",155,337,9908
"P17","B","INTERPRET",167,338,9953
"P17","B","INTERPRET",158,321,9998
"P17","B","INTERPRET",163,310,10052
"P17","B","INTERPRET",147,337,10090
"P17","B","INTERPRET",145,350,10182
"P17","B","INTERPRET",172,334,10260
"P17","B","INTERPRET",247,256,10302
"P17","B","INTERPRET",188,372,10348
"P17","B","INTERPRET",245,371,10384
"P17","B","INTERPRET",175,351,10425
"P17","B","INTERPRET",213,352,10467
"P17","B","INTERPRET",202,350,10506
"P17","B","INTERPRET",227,389,10548
"P17","B","INTERPRET",229,361,10620
"P17","B","INTERPRET",277,378,10663
"P17","B","INTERPRET",266,360,10703
"P17","B","INTERPRET",214,360,10738
"P17","B","INTERPRET",257,373,10773
"P17","B","INTERPRET",280,334,10813
"P17","B","INTERPRET",197,372,10850
"P17","B","INTERPRET",250,332,10895
"P17","B","INTERPRET",298,163,10937
"P17","B","INTERPRET",250,319,10972
"P17","B","INTERPRET",269,272,11008
"P17","B","INTERPRET",270,342,11043
"P17","B","INTERPRET",165,361,11078
"P17","B","INTERPRET",228,337,11121
"P17","B","INTERPRET",181,366,11166
"P17","B","INTERPRET",173,362,11202
"P17","B","INTERPRET",254,302,11242
"P17","B","INTERPRET",202,270,11295
"P17","B","INTERPRET",304,350,11329
"P17","B","INTERPRET",244,351,11368
"P17","B","INTERPRET",323,311,11419
"P17","B","INTERPRET",242,366,11457
"P17","B","INTERPRET",276,288,11507
"P17","B","INTERPRET",295,307,11545
"P17","B","INTERPRET",267,292,11594
"P17","B","INTERPRET",317,327,11628
"P17","B","INTERPRET",279,273,11668
"P17","B","INTERPRET",245,368,11710
"P17","B","INTERPRET",254,257,11751
"P17","B","INTERPRET",262,363,11800
"P17","B","INTERPRET",209,359,11835
"P17","B","INTERPRET",213,355,11880
"P17","B","INTERPRET",207,412,11921
"P17","B","INTERPRET",181,364,11973
"P17","B","INTERPRET",241,326,12008
"P17","B","INTERPRET",175,390,12050
"P17","B","INTERPRET",213,292,12086
"P17","B","INTERPRET",198,357,12126
"P17","B","INTERPRET",189,395,12179
"P17","B","INTERPRET",157,344,12242
"P17","B","INTERPRET",156,344,12308
"P17","B","INTERPRET",205,375,12358
"P17","B","INTERPRET",206,301,12422
"P17","B","INTERPRET",172,386,12487
"P17","B","INTERPRET",270,302,12541
"P17","B","INTERPRET",369,192,12606
"P17","B","INTERPRET",227,401,12665
"P17","B","INTERPRET",190,338,12740
"P17","B","INTERPRET",232,310,12812
"P17","B","INTERPRET",167,401,12867
"P17","B","INTERPRET",127,475,12918
"P17","B","INTERPRET",234,360,12977
"P17","B","INTERPRET",228,451,13031
"P17","B","INTERPRET",236,413,13087
"P17","B","INTERPRET",222,422,13152
"P17","B","INTERPRET",204,371,13201
"P17","B","INTERPRET",227,433,13251
"P17","B","INTERPRET",257,480,13314
"P17","B","INTERPRET",274,563,13472
"P17","B","INTERPRET",314,498,13556
"P17","B","INTERPRET",293,509,13582
"P17","B","INTERPRET",303,509,13618
"P17","B","INTERPRET",310,482,13651
"P17","B","INTERPRET",271,430,13686
"P17","B","INTERPRET",314,525,13721
"P17","B","INTERPRET",327,524,13756
"P17","B","INTERPRET",343,432,13791
"P17","B","INTERPRET",335,465,13833
"P17","B","INTERPRET",341,491,13867
"P17","B","INTERPRET",303,482,13901
"P17","B","INTERPRET",371,535,13936
"P17","B","INTERPRET",385,484,13974
"P17","B","INTERPRET",383,489,14016
"P17","B","INTERPRET",313,509,14057
"P17","B","INTERPRET",371,497,14093
"P17","B","INTERPRET",375,454,14132
"P17","B","INTERPRET",358,526,14166
"P17","B","INTERPRET",282,500,14208
"P17","B","INTERPRET",297,485,14242
"P17","B","INTERPRET",303,423,14284
"P17","B","INTERPRET",231,500,14319
"P17","B","INTERPRET",265,502,14354
"P17","B","INTERPRET",277,511,14394
"P17","B","INTERPRET",325,431,14428
"P17","B","INTERPRET",307,520,14463
"P17","B","INTERPRET",312,553,14498
"P17","B","INTERPRET",333,491,14540
"P17","B","INTERPRET",334,483,14574
"P17","B","INTERPRET",261,496,14615
"P17","B","INTERPRET",341,415,14650
"P17","B","INTERPRET",338,472,14688
"P17","B","INTERPRET",315,492,14723
"P17","B","INTERPRET",300,470,14758
"P17","B","INTERPRET",285,431,14793
"P17","B","INTERPRET",327,514,14828
"P17","B","INTERPRET",298,542,14863
"P17","B","INTERPRET",313,514,14905
"P17","B","INTERPRET",270,495,14939
"P17","B","INTERPRET",299,486,14973
"P17","B","INTERPRET",265,506,15011
"P17","B","INTERPRET",307,492,15046
"P17","B","INTERPRET",279,499,15085
"P17","B","INTERPRET",327,519,15120
"P17","B","INTERPRET",278,508,15155
"P17","B","INTERPRET",379,424,15197
"P17","B","INTERPRET",367,468,15236
"P17","B","INTERPRET",398,418,15271
"P17","B","INTERPRET",332,512,15306
"P17","B","INTERPRET",383,461,15341
"P17","B","INTERPRET",365,494,15381
"P17","B","INTERPRET",364,448,15416
"P17","B","INTERPRET",358,492,15451
"P17","B","INTERPRET",341,519,15486
"P17","B","INTERPRET",373,511,15521
"P17","B","INTERPRET",375,404,15560
"P17","B","INTERPRET",393,499,15594
"P17","B","INTERPRET",393,509,15629
"P17","B","INTERPRET",393,458,15664
"P17","B","INTERPRET",345,502,15705
"P17","B","INTERPRET",298,508,15740
"P17","B","INTERPRET",329,523,15777
"P17","B","INTERPRET",322,464,15815
"P17","B","INTERPRET",352,498,15850
"P17","B","INTERPRET",357,425,15885
"P17","B","INTERPRET",346,486,15920
"P17","B","INTERPRET",310,455,15955
"P17","B","INTERPRET",347,508,15990
"P17","B","INTERPRET",337,475,16025
"P17","B","INTERPRET",269,341,16060
"P17","B","INTERPRET",307,454,16095
"P17","B","INTERPRET",273,412,16130
"P17","B","INTERPRET",330,408,16164
"P17","B","INTERPRET",261,493,16197
"P17","B","INTERPRET",245,490,16469
"P17","B","INTERPRET",230,485,16490
"P17","B","INTERPRET",215,507,16538
"P17","B","INTERPRET",212,516,16597
"P17","B","INTERPRET",241,492,16677
"P17","B","INTERPRET",351,516,16772
"P17","B","INTERPRET",287,472,16845
"P17","B","INTERPRET",252,506,16877
"P17","B","INTERPRET",321,524,16906
"P17","B","INTERPRET",229,536,16958
"P17","B","INTERPRET",395,450,17008
"P17","B","INTERPRET",251,507,17041
"P17","B","INTERPRET",381,487,17077
"P17","B","INTERPRET",256,520,17107
"P17","B","INTERPRET",391,504,17156
"P17","B","INTERPRET",264,515,17186
"P17","B","INTERPRET",269,484,17224
"P17","B","INTERPRET",167,442,17256
"P17","B","INTERPRET",166,469,17293
"P17","B","INTERPRET",288,518,17326
"P17","B","INTERPRET",168,447,17360
"P17","B","INTERPRET",159,465,17401
"P17","B","INTERPRET",154,494,17429
"P17","B","INTERPRET",326,347,17462
"P17","B","INTERPRET",266,488,17497
"P17","B","INTERPRET",416,520,17540
"P17","B","INTERPRET",425,542,17573
"P17","B","INTERPRET",388,548,17608
"P17","B","INTERPRET",386,588,17644
"P17","B","INTERPRET",423,468,17678
"P17","B","INTERPRET",395,569,17713
"P17","B","INTERPRET",427,546,17747
"P17","B","INTERPRET",432,565,17782
"P17","B","INTERPRET",429,562,17816
"P17","B","INTERPRET",451,523,17850
"P17","B","INTERPRET",439,496,17890
"P17","B","INTERPRET",416,575,17924
"P17","B","INTERPRET",418,503,17958
"P17","B","INTERPRET",457,551,17993
"P17","B","INTERPRET",440,521,18027
"P17","B","INTERPRET",437,581,18060
"P17","B","INTERPRET",458,470,18096
"P17","B","INTERPRET",428,569,18131
"P17","B","INTERPRET",428,601,18165
"P17","B","INTERPRET",427,554,18199
"P17","B","INTERPRET",421,519,18233
"P17","B","INTERPRET",406,539,18267
"P17","B","INTERPRET",418,577,18302
"P17","B","INTERPRET",375,582,18337
"P17","B","INTERPRET",331,534,18371
"P17","B","INTERPRET",362,489,18406
"P17","B","INTERPRET",238,460,18441
"P17","B","INTERPRET",207,514,18485
"P17","B","INTERPRET",352,488,18520
"P17","B","INTERPRET",333,518,18562
"P17","B","INTERPRET",191,522,18598
"P17","B","INTERPRET",210,529,18636
"P17","B","INTERPRET",230,515,18676
"P17","B","INTERPRET",229,512,18709
"P17","B","INTERPRET",221,474,18757
"P17","B","INTERPRET",220,324,18790
"P17","B","INTERPRET",174,419,18832
"P17","B","INTERPRET",215,343,18924
"P17","B","INTERPRET",223,423,19027
"P17","B","INTERPRET",211,263,19135
"P17","B","INTERPRET",198,255,19244
"P17","B","INTERPRET",202,251,19332
"P17","B","INTERPRET",194,276,19471
"P17","B","INTERPRET",200,272,19519
"P17","B","INTERPRET",215,279,19582
"P17","B","INTERPRET",220,257,19773
"P17","B","INTERPRET",204,282,19812
"P17","B","INTERPRET",230,190,19853
"P17","B","INTERPRET",198,293,19902
"P17","B","INTERPRET",231,188,19941
"P17","B","INTERPRET",209,281,19986
"P17","B","INTERPRET",190,261,20021
"P17","B","INTERPRET",204,232,20102
"P17","B","INTERPRET",231,245,20203
"P17","B","INTERPRET",221,232,20241
"P17","B","INTERPRET",277,117,20282
"P17","B","INTERPRET",274,106,20321
"P17","B","INTERPRET",234,250,20361
"P17","B","INTERPRET",252,230,20408
"P17","B","INTERPRET",278,120,20443
"P17","B","INTERPRET",225,260,20525
"P17","B","INTERPRET",218,265,20634
"P17","B","INTERPRET",211,337,20677
"P17","B","INTERPRET",218,241,20738
"P17","B","INTERPRET",216,282,20781
"P17","B","INTERPRET",205,355,20821
"P17","B","INTERPRET",233,342,20866
"P17","B","INTERPRET",311,199,20900
"P17","B","INTERPRET",252,305,20989
"P17","B","INTERPRET",335,226,21081
"P17","B","INTERPRET",303,336,21130
"P17","B","INTERPRET",314,308,21174
"P17","B","INTERPRET",283,324,21224
"P17","B","INTERPRET",305,198,21264
"P17","B","INTERPRET",283,343,21310
"P17","B","INTERPRET",326,234,21344
"P17","B","INTERPRET",284,344,21435
"P17","B","INTERPRET",247,328,21531
"P17","B","INTERPRET",262,319,21574
"P17","B","INTERPRET",244,330,21614
"P17","B","INTERPRET",274,315,21665
"P17","B","INTERPRET",246,344,21705
"P17","B","INTERPRET",246,319,21752
"P17","B","INTERPRET",291,276,21787
"P17","B","INTERPRET",84,609,21965
"P17","B","INTERPRET",238,302,22004
"P17","B","INTERPRET",247,215,22060
"P17","B","INTERPRET",211,349,22102
"P17","B","INTERPRET",228,298,22142
"P17","B","INTERPRET",256,307,22190
"P17","B","INTERPRET",231,320,22224
"P17","B","INTERPRET",347,258,22322
"P17","B","INTERPRET",348,219,22391
"P17","B","INTERPRET",337,241,22441
"P17","B","INTERPRET",257,334,22484
"P17","B","INTERPRET",270,233,22537
"P17","B","INTERPRET",298,173,22577
"P17","B","INTERPRET",270,307,22624
"P17","B","INTERPRET",293,189,22658
"P17","B","INTERPRET",240,327,22751
"P17","B","INTERPRET",304,204,22831
"P17","B","INTERPRET",291,216,22881
"P17","B","INTERPRET",272,317,22929
"P17","B","INTERPRET",239,301,22980
"P17","B","INTERPRET",253,223,23020
"P17","B","INTERPRET",247,215,23067
"P17","B","INTERPRET",250,325,23101
"P17","B","INTERPRET",245,316,23192
"P17","B","INTERPRET",268,193,23262
"P17","B","INTERPRET",244,317,23301
"P17","B","INTERPRET",212,324,23346
"P17","B","INTERPRET",243,260,23396
"P17","B","INTERPRET",241,304,23437
"P17","B","INTERPRET",211,318,23483
"P17","B","INTERPRET",234,321,23516
"P17","B","INTERPRET",235,304,23609
"P17","B","INTERPRET",262,226,23703
"P17","B","INTERPRET",262,328,23746
"P17","B","INTERPRET",277,212,23794
"P17","B","INTERPRET",238,227,23844
"P17","B","INTERPRET",217,236,23882
"P17","B","INTERPRET",220,287,23929
"P17","B","INTERPRET",235,252,23965
"P17","B","INTERPRET",203,272,24047
"P17","B","INTERPRET",186,231,24120
"P17","B","INTERPRET",189,251,24163
"P17","B","INTERPRET",196,250,24202
"P17","B","INTERPRET",188,239,24240
"P17","B","INTERPRET",221,216,24279
"P17","B","INTERPRET",230,215,24324
"P17","B","INTERPRET",233,232,24359
"P17","B","INTERPRET",236,212,24441
"P17","B","INTERPRET",277,319,24532
"P17","B","INTERPRET",247,331,24583
"P17","B","INTERPRET",232,533,24627
"P17","B","INTERPRET",-19,740,24740
"P17","B","INTERPRET",201,427,24774
"P17","B","INTERPRET",204,212,24917
"P17","B","INTERPRET",196,207,24949
"P17","B","INTERPRET",182,183,25030
"P17","B","INTERPRET",140,254,25089
"P17","B","INTERPRET",224,236,25136
"P17","B","INTERPRET",224,287,25164
"P17","B","INTERPRET",197,358,25231
"P17","B","INTERPRET",179,328,25310
"P17","B","INTERPRET",181,362,25385
"P17","B","INTERPRET",173,330,25473
"P17","B","INTERPRET",235,305,25711
"P17","B","INTERPRET",306,199,25889
"P17","B","INTERPRET",179,251,26433
"P17","B","INTERPRET",197,318,26467
"P17","B","INTERPRET",211,358,26499
"P17","B","INTERPRET",189,359,26550
"P17","B","INTERPRET",219,315,27065
"P17","B","INTERPRET",78,231,27106
"P17","B","INTERPRET",309,212,27429
"P17","B","INTERPRET",282,303,27475
"P17","B","INTERPRET",333,223,27519
"P17","B","INTERPRET",335,256,27568
"P17","B","INTERPRET",329,237,27619
"P17","B","INTERPRET",300,337,27652
"P17","B","INTERPRET",327,326,27703
"P17","B","INTERPRET",318,348,27779
"P17","B","INTERPRET",346,186,27868
"P17","B","INTERPRET",318,346,27911
"P17","B","INTERPRET",347,325,27967
"P17","B","INTERPRET",249,335,28009
"P17","B","INTERPRET",290,226,28059
"P17","B","INTERPRET",265,309,28092
"P17","B","INTERPRET",102,544,28262
"P17","B","INTERPRET",248,341,28314
"P17","B","INTERPRET",293,240,28934
"P17","B","INTERPRET",283,192,28985
"P17","B","INTERPRET",265,239,29081
"P17","B","INTERPRET",269,242,29121
"P17","B","INTERPRET",270,283,29166
"P17","B","INTERPRET",266,259,29206
"P17","B","INTERPRET",247,284,29247
"P17","B","INTERPRET",270,278,29291
"P17","B","INTERPRET",272,192,29335
"P17","B","INTERPRET",269,320,29379
"P17","B","INTERPRET",299,242,29423
"P17","B","INTERPRET",312,225,29477
"P17","B","INTERPRET",268,239,29528
"P17","B","INTERPRET",264,316,29582
"P17","B","INTERPRET",267,319,29621
"P17","B","INTERPRET",267,215,29703
"P17","B","INTERPRET",256,324,29737
"P17","B","INTERPRET",235,333,29833
"P17","B","INTERPRET",257,292,29923
"P17","B","INTERPRET",277,224,29966
"P17","B","INTERPRET",249,249,30019
"P17","B","INTERPRET",235,313,30063
"P17","B","INTERPRET",236,304,30110
"P17","B","INTERPRET",274,303,30145
"P17","B","INTERPRET",285,295,30187
"P17","B","INTERPRET",199,275,30281
"P17","B","INTERPRET",228,245,30364
"P17","B","INTERPRET",230,223,30407
"P17","B","INTERPRET",248,147,30462
"P17","B","INTERPRET",213,260,30508
"P17","B","INTERPRET",202,249,30560
"P17","B","INTERPRET",178,222,30593
"P17","B","INTERPRET",227,107,30641
"P17","B","INTERPRET",62,37,30705
"P17","B","INTERPRET",215,239,30764
"P17","B","INTERPRET",184,210,30804
"P17","B","INTERPRET",199,223,30858
"P17","B","INTERPRET",218,247,30898
"P17","B","INTERPRET",252,243,30942
"P17","B","INTERPRET",252,266,30981
"P17","B","INTERPRET",272,122,31034
"P17","B","INTERPRET",245,252,31074
"P17","B","INTERPRET",289,130,31125
"P17","B","INTERPRET",265,241,31163
"P17","B","INTERPRET",306,312,31217
"P17","B","INTERPRET",280,319,31258
"P17","B","INTERPRET",348,240,31309
"P17","B","INTERPRET",306,355,31348
"P17","B","INTERPRET",310,338,31400
"P17","B","INTERPRET",332,333,31439
"P17","B","INTERPRET",361,258,31491
"P17","B","INTERPRET",303,357,31529
"P17","B","INTERPRET",331,336,31581
"P17","B","INTERPRET",346,220,31621
"P17","B","INTERPRET",289,225,31673
"P17","B","INTERPRET",286,214,31712
"P17","B","INTERPRET",248,279,31767
"P17","B","INTERPRET",208,543,31898
"P17","B","INTERPRET",245,443,31941
"P17","B","INTERPRET",349,178,32024
"P17","B","INTERPRET",363,173,32067
"P17","B","INTERPRET",367,171,32106
"P17","B","INTERPRET",324,297,32153
"P17","B","INTERPRET",344,241,32671
"P17","B","INTERPRET",355,241,32724
"P17","B","INTERPRET",308,335,32777
"P17","B","INTERPRET",317,335,32834
"P17","B","INTERPRET",320,352,32874
"P17","B","INTERPRET",338,232,32924
"P17","B","INTERPRET",351,231,32967
"P17","B","INTERPRET",256,190,33057
"P17","B","INTERPRET",228,173,33134
"P17","B","INTERPRET",225,170,33189
"P17","B","INTERPRET",216,307,33245
"P17","B","INTERPRET",215,294,33294
"P17","B","INTERPRET",221,296,33354
"P17","B","INTERPRET",262,193,33402
"P17","B","INTERPRET",184,223,33440
"P17","B","INTERPRET",186,322,33730
"P17","B","INTERPRET",-42,671,33891
"P17","B","INTERPRET",238,264,33969
"P17","B","INTERPRET",192,210,34099
"P17","B","INTERPRET",277,204,34488
"P17","B","INTERPRET",283,195,34522
"P17","B","INTERPRET",291,202,34556
"P17","B","INTERPRET",245,313,34589
"P17","B","INTERPRET",244,395,34628
"P17","B","INTERPRET",237,244,34665
"P17","B","INTERPRET",276,223,34710
"P17","B","INTERPRET",169,171,34741
"P17","B","INTERPRET",170,127,34790
"P17","B","INTERPRET",169,199,34818
"P17","B","INTERPRET",173,182,34870
"P17","B","INTERPRET",180,213,34914
"P17","B","INTERPRET",177,193,34978
"P17","B","INTERPRET",68,428,35038
"P17","B","INTERPRET",178,389,35168
"P17","B","INTERPRET",169,488,35198
"P17","B","INTERPRET",231,442,35363
"P17","B","INTERPRET",313,216,35455
"P17","B","INTERPRET",308,242,35480
"P17","B","INTERPRET",208,210,35527
"P17","B","INTERPRET",202,249,35583
"P17","B","INTERPRET",162,357,35665
"P17","B","INTERPRET",237,203,35782
"P17","B","INTERPRET",133,150,35889
"P17","B","INTERPRET",216,387,36916
"P17","B","INTERPRET",180,250,36972
"P17","B","INTERPRET",227,280,37025
"P17","B","INTERPRET",198,343,37056
"P17","B","INTERPRET",200,181,37270
"P17","B","INTERPRET",228,332,37545
"P17","B","INTERPRET",195,353,37621
"P17","B","INTERPRET",189,368,37670
"P17","B","INTERPRET",228,289,37715
"P17","B","INTERPRET",226,321,37759
"P17","B","INTERPRET",189,301,37801
"P17","B","INTERPRET",149,395,37849
"P17","B","INTERPRET",156,399,37896
"P17","B","INTERPRET",209,260,37946
"P17","B","INTERPRET",261,321,37989
"P17","B","INTERPRET",204,296,38041
"P17","B","INTERPRET",222,305,38097
"P17","B","INTERPRET",206,322,38137
"P17","B","INTERPRET",160,407,38189
"P17","B","INTERPRET",234,278,38237
"P17","B","INTERPRET",180,389,38289
"P17","B","INTERPRET",218,289,38339
"P17","B","INTERPRET",210,248,38436
"P17","B","INTERPRET",105,280,38531
"P17","B","INTERPRET",172,280,38611
"P17","B","INTERPRET",296,193,38820
"P17","B","INTERPRET",118,522,38899
"P17","B","INTERPRET",47,326,39052
"P17","B","INTERPRET",133,434,39426
"P17","B","INTERPRET",228,369,39487
"P17","B","INTERPRET",204,276,39590
"P17","B","INTERPRET",221,283,39618
"P17","B","INTERPRET",240,273,39668
"P17","B","INTERPRET",228,272,39714
"P17","B","INTERPRET",233,308,39779
"P17","B","INTERPRET",298,233,39888
"P17","B","INTERPRET",295,246,39994
"P17","B","INTERPRET",261,259,40127
"P17","B","INTERPRET",275,260,40282
"P17","B","INTERPRET",288,251,40453
"P17","B","INTERPRET",269,271,40531
"P17","B","INTERPRET",221,258,40707
"P17","B","INTERPRET",236,251,40745
"P17","B","INTERPRET",248,264,40802
"P17","B","INTERPRET",238,262,40854
"P17","B","INTERPRET",239,277,40898
"P17","B","INTERPRET",229,269,40951
"P17","B","INTERPRET",279,295,41108
"P17","B","INTERPRET",279,275,41148
"P17","B","INTERPRET",284,291,41253
"P17","B","INTERPRET",291,270,41292
"P17","B","INTERPRET",264,345,41462
"P17","B","INTERPRET",180,375,41536
"P17","B","INTERPRET",227,330,41658
"P17","B","INTERPRET",219,351,41701
"P17","B","INTERPRET",244,332,41771
"P17","B","INTERPRET",240,348,41830
"P17","B","INTERPRET",602,1232,42201
"P17","B","INTERPRET",175,583,42246
"P17","B","INTERPRET",33,260,42374
"P17","B","INTERPRET",208,353,42450
"P17","B","INTERPRET",189,332,42522
"P17","B","INTERPRET",174,352,42624
"P17","B","INTERPRET",169,371,42710
"P17","B","INTERPRET",26,218,42825
"P17","B","INTERPRET",205,313,42926
"P17","B","INTERPRET",284,320,43019
"P17","B","INTERPRET",282,334,43094
"P17","B","INTERPRET",274,233,43157
"P17","B","INTERPRET",232,269,43217
"P17","B","INTERPRET",285,317,43281
"P17","B","INTERPRET",262,394,43321
"P17","B","INTERPRET",236,273,43365
"P17","B","INTERPRET",270,276,43402
"P17","B","INTERPRET",221,291,43444
"P17","B","INTERPRET",183,275,43491
"P17","B","INTERPRET",254,257,43538
"P17","B","INTERPRET",209,288,43577
"P17","B","INTERPRET",194,358,43614
"P17","B","INTERPRET",183,344,43669
"P17","B","INTERPRET",180,312,43713
"P17","B","INTERPRET",195,319,43766
"P17","B","INTERPRET",200,405,43823
"P17","B","INTERPRET",174,326,43869
"P17","B","INTERPRET",179,301,43918
"P17","B","INTERPRET",225,283,43961
"P17","B","INTERPRET",226,268,44022
"P17","B","INTERPRET",72,578,44176
"P17","B","INTERPRET",373,503,44565
"P17","B","INTERPRET",380,516,44595
"P17","B","INTERPRET",326,598,44650
"P17","B","INTERPRET",403,533,44707
"P17","B","INTERPRET",391,512,44758
"P17","B","INTERPRET",398,533,44843
"P17","B","INTERPRET",245,236,45088
"P17","B","INTERPRET",145,239,45190
"P17","B","INTERPRET",218,289,45235
"P17","B","INTERPRET",217,310,45300
"P17","B","INTERPRET",203,277,45353
"P17","B","INTERPRET",230,287,45402
"P17","B","INTERPRET",175,371,45441
"P17","B","INTERPRET",163,365,45479
"P17","B","INTERPRET",147,378,45519
"P17","B","INTERPRET",313,268,45747
"P17","B","INTERPRET",158,219,46117
"P17","B","INTERPRET",406,337,47512
"P17","B","INTERPRET",198,328,47573
"P17","B","INTERPRET",130,405,47646
"P17","B","INTERPRET",4,502,47687
"P17","B","INTERPRET",227,354,47755
"P17","B","INTERPRET",321,308,47822
"P17","B","INTERPRET",275,344,47897
"P17","B","INTERPRET",274,304,47949
"P17","B","INTERPRET",356,263,48009
"P17","B","INTERPRET",296,291,48077
"P17","B","INTERPRET",333,302,48140
"P17","B","INTERPRET",242,305,48206
"P17","B","INTERPRET",178,289,48257
"P17","B","INTERPRET",187,279,48321
"P17","B","INTERPRET",239,226,48380
"P17","B","INTERPRET",238,326,48457
"P17","B","INTERPRET",243,354,48554
"P17","B","INTERPRET",170,310,48638
"P17","B","INTERPRET",162,320,48694
"P17","B","INTERPRET",277,325,48757
"P17","B","INTERPRET",311,403,48817
"P17","B","INTERPRET",259,352,48857
"P17","B","INTERPRET",340,362,48893
"P17","B","INTERPRET",351,379,48935
"P17","B","INTERPRET",242,385,48971
"P17","B","INTERPRET",271,382,49015
"P17","B","INTERPRET",283,370,49058
"P17","B","INTERPRET",349,391,49127
"P17","B","INTERPRET",252,359,49215
"P17","B","INTERPRET",171,265,49431
"P17","B","INTERPRET",220,445,49618
"P17","B","INTERPRET",202,377,49670
"P17","B","INTERPRET",131,368,49710
"P17","B","INTERPRET",303,336,49748
"P17","B","INTERPRET",252,388,49809
"P17","B","INTERPRET",232,411,49868
"P17","B","INTERPRET",230,395,49907
"P17","B","INTERPRET",238,411,49943
"P17","B","INTERPRET",191,378,49979
"P17","B","INTERPRET",252,404,50017
"P17","B","INTERPRET",278,371,50080
"P17","B","INTERPRET",167,390,50118
"P17","B","INTERPRET",218,388,50163
"P17","B","INTERPRET",190,395,50225
"P17","B","INTERPRET",262,370,50280
"P17","B","INTERPRET",245,374,50326
"P17","B","INTERPRET",289,374,50362
"P17","B","INTERPRET",224,416,50399
"P17","B","INTERPRET",255,374,50437
"P17","B","INTERPRET",296,322,50482
"P17","B","INTERPRET",278,284,50519
"P17","B","INTERPRET",228,404,50556
"P17","B","INTERPRET",249,420,50599
"P17","B","INTERPRET",196,368,50636
"P17","B","INTERPRET",282,316,50672
"P17","B","INTERPRET",233,373,50714
"P17","B","INTERPRET",233,418,50751
"P17","B","INTERPRET",230,421,50789
"P17","B","INTERPRET",203,545,50826
"P17","B","INTERPRET",158,400,51175
"P17","B","INTERPRET",324,409,51223
"P17","B","INTERPRET",215,329,51273
"P17","B","INTERPRET",150,388,51313
"P17","B","INTERPRET",214,375,51381
"P17","B","INTERPRET",231,319,51424
"P17","B","INTERPRET",352,128,52332
"P17","B","INTERPRET",387,115,52363
"P17","B","INTERPRET",311,188,52521
"P17","B","INTERPRET",165,24,52582
"P17","B","INTERPRET",115,66,52623
"P17","B","INTERPRET",124,72,52668
"P17","B","INTERPRET",152,22,52696
"P17","B","INTERPRET",114,88,52750
"P17","B","INTERPRET",124,45,52788
"P17","B","INTERPRET",173,3,52831
"P17","B","INTERPRET",4,11,52881
"P17","B","INTERPRET",232,429,52917
"P17","B","INTERPRET",248,416,52958
"P17","B","INTERPRET",196,409,52996
"P17","B","INTERPRET",239,461,53033
"P17","B","INTERPRET",245,471,53076
"P17","B","INTERPRET",268,459,53113
"P17","B","INTERPRET",213,410,53149
"P17","B","INTERPRET",204,407,53194
"P17","B","INTERPRET",222,376,53231
"P17","B","INTERPRET",233,385,53267
"P17","B","INTERPRET",235,411,53304
"P17","B","INTERPRET",171,547,53450
"P17","B","INTERPRET",211,399,53498
"P17","B","INTERPRET",224,384,53573
"P17","B","INTERPRET",233,396,53600
"P17","B","INTERPRET",216,370,53641
"P17","B","INTERPRET",205,407,53677
"P17","B","INTERPRET",206,359,53731
"P17","B","INTERPRET",216,380,53769
"P17","B","INTERPRET",217,372,53806
"P17","B","INTERPRET",211,325,53843
"P17","B","INTERPRET",177,378,53880
"P17","B","INTERPRET",178,404,53944
"P17","B","INTERPRET",240,227,53983
"P17","B","INTERPRET",151,375,54022
"P17","B","INTERPRET",211,412,54075
"P17","B","INTERPRET",272,287,54115
"P17","B","INTERPRET",266,398,54153
"P17","B","INTERPRET",268,386,54218
"P17","B","INTERPRET",269,395,54256
"P17","B","INTERPRET",258,415,54293
"P17","B","INTERPRET",261,406,54330
"P17","B","INTERPRET",190,379,54374
"P17","B","INTERPRET",232,416,54418
"P17","B","INTERPRET",232,428,54479
"P17","B","INTERPRET",159,384,54516
"P17","B","INTERPRET",184,420,54560
"P17","B","INTERPRET",240,297,54620
"P17","B","INTERPRET",172,373,54677
"P17","B","INTERPRET",198,389,54715
"P17","B","INTERPRET",182,404,54752
"P17","B","INTERPRET",190,406,54791
"P17","B","INTERPRET",249,327,54829
"P17","B","INTERPRET",153,407,54867
"P17","B","INTERPRET",180,415,54906
"P17","B","INTERPRET",160,398,54971
"P17","B","INTERPRET",196,388,55027
"P17","B","INTERPRET",130,381,55092
"P17","B","INTERPRET",235,452,55165
"P17","B","INTERPRET",228,453,55212
"P17","B","INTERPRET",213,453,55258
"P17","B","INTERPRET",222,530,55295
"P17","B","INTERPRET",230,460,55473
"P17","B","INTERPRET",202,466,55682
"P17","B","INTERPRET",178,377,55768
"P17","B","INTERPRET",217,430,55875
"P17","B","INTERPRET",212,447,55898
"P17","B","INTERPRET",241,404,55940
"P17","B","INTERPRET",222,401,55975
"P17","B","INTERPRET",256,347,56020
"P17","B","INTERPRET",152,408,56057
"P17","B","INTERPRET",235,432,56095
"P17","B","INTERPRET",259,432,56157
"P17","B","INTERPRET",199,342,56194
"P17","B","INTERPRET",238,400,56238
"P17","B","INTERPRET",235,423,56281
"P17","B","INTERPRET",203,387,56338
"P17","B","INTERPRET",250,417,56378
"P17","B","INTERPRET",249,432,56422
"P17","B","INTERPRET",242,383,56460
"P17","B","INTERPRET",201,411,56497
"P17","B","INTERPRET",239,395,56535
"P17","B","INTERPRET",250,372,56578
"P17","B","INTERPRET",227,351,56633
"P17","B","INTERPRET",221,387,56671
"P17","B","INTERPRET",248,274,56708
"P17","B","INTERPRET",240,371,56747
"P17","B","INTERPRET",198,442,56786
"P17","B","INTERPRET",156,302,57333
"P17","B","INTERPRET",163,313,57356
"P17","B","INTERPRET",197,388,57574
"P17","B","INTERPRET",224,434,57624
"P17","B","INTERPRET",142,364,57726
"P17","B","INTERPRET",166,439,57750
"P17","B","INTERPRET",144,421,57797
"P17","B","INTERPRET",227,244,57838
"P17","B","INTERPRET",205,432,57878
"P17","B","INTERPRET",209,424,57918
"P17","B","INTERPRET",126,353,57957
"P17","B","INTERPRET",111,382,58003
"P17","B","INTERPRET",146,326,58065
"P17","B","INTERPRET",176,396,58152
"P17","B","INTERPRET",181,391,58191
"P17","B","INTERPRET",189,445,58230
"P17","B","INTERPRET",168,371,58270
"P17","B","INTERPRET",175,438,58309
"P17","B","INTERPRET",193,448,58375
"P17","B","INTERPRET",207,450,58414
"P17","B","INTERPRET",205,434,58452
"P17","B","INTERPRET",232,380,58499
"P17","B","INTERPRET",245,335,58537
"P17","B","INTERPRET",226,380,58574
"P17","B","INTERPRET",205,423,58612
"P17","B","INTERPRET",217,394,58650
"P17","B","INTERPRET",245,356,58697
"P17","B","INTERPRET",208,438,58734
"P17","B","INTERPRET",215,450,58772
"P17","B","INTERPRET",207,447,58810
"P17","B","INTERPRET",246,419,58849
"P17","B","INTERPRET",208,454,58896
"P17","B","INTERPRET",227,429,58935
"P17","B","INTERPRET",188,468,58975
"P17","B","INTERPRET",200,402,59014
"P17","B","INTERPRET",190,463,59052
"P17","B","INTERPRET",233,374,59118
"P17","B","INTERPRET",212,405,59157
"P17","B","INTERPRET",155,386,59195
"P17","B","INTERPRET",176,649,59405
"P17","B","INTERPRET",88,670,59527
"P17","B","INTERPRET",193,424,59568
"P17","B","INTERPRET",155,347,59655
"P17","B","INTERPRET",158,378,59679
"P17","B","INTERPRET",217,552,59845
"P17","B","INTERPRET",219,382,60021
"P17","B","INTERPRET",155,451,60062
"P17","B","INTERPRET",173,448,60151
"P17","B","INTERPRET",224,427,60188
"P17","B","INTERPRET",244,439,60231
"P17","B","INTERPRET",285,367,60275
"P17","B","INTERPRET",286,333,60324
"P17","B","INTERPRET",259,439,60365
"P17","B","INTERPRET",196,455,60403
"P17","B","INTERPRET",263,409,60452
"P17","B","INTERPRET",187,371,60498
"P17","B","INTERPRET",296,447,60534
"P17","B","INTERPRET",246,512,60562
"P17","B","INTERPRET",287,479,60603
"P17","B","INTERPRET",300,426,60638
"P17","B","INTERPRET",256,483,60675
"P17","B","INTERPRET",274,437,60711
"P17","B","INTERPRET",242,478,60748
"P17","B","INTERPRET",251,492,60786
"P17","B","INTERPRET",271,447,60823
"P17","B","INTERPRET",278,447,60860
"P17","B","INTERPRET",268,445,60897
"P17","B","INTERPRET",256,493,60934
"P17","B","INTERPRET",292,476,60972
"P17","B","INTERPRET",280,504,61010
"P17","B","INTERPRET",274,482,61048
"P17","B","INTERPRET",304,483,61084
"P17","B","INTERPRET",262,481,61121
"P17","B","INTERPRET",291,429,61158
"P17","B","INTERPRET",227,489,61194
"P17","B","INTERPRET",242,503,61231
"P17","B","INTERPRET",225,487,61273
"P17","B","INTERPRET",270,459,61318
"P17","B","INTERPRET",243,450,61361
"P17","B","INTERPRET",227,495,61396
"P17","B","INTERPRET",253,454,61439
"P17","B","INTERPRET",194,467,61476
"P17","B","INTERPRET",240,455,61512
"P17","B","INTERPRET",276,454,61554
"P17","B","INTERPRET",263,473,61593
"P17","B","INTERPRET",260,497,61630
"P17","B","INTERPRET",211,474,61667
"P17","B","INTERPRET",264,485,61704
"P17","B","INTERPRET",268,484,61746
"P17","B","INTERPRET",240,486,61784
"P17","B","INTERPRET",244,458,61820
"P17","B","INTERPRET",243,444,61865
"P17","B","INTERPRET",133,729,61902
"P17","B","INTERPRET",291,431,62140
"P17","B","INTERPRET",46,245,62282
"P17","B","INTERPRET",-94,160,62307
"P17","B","INTERPRET",286,426,62358
"P17","B","INTERPRET",134,358,62404
"P17","B","INTERPRET",205,280,62450
"P17","B","INTERPRET",223,482,62490
"P17","B","INTERPRET",230,483,62541
"P17","B","INTERPRET",218,483,62591
"P17","B","INTERPRET",207,494,62630
"P17","B","INTERPRET",215,485,62668
"P17","B","INTERPRET",246,438,62717
"P17","B","INTERPRET",273,464,62756
"P17","B","INTERPRET",259,475,62795
"P17","B","INTERPRET",260,383,62834
"P17","B","INTERPRET",230,492,62873
"P17","B","INTERPRET",267,416,62912
"P17","B","INTERPRET",90,372,62951
"P17","B","INTERPRET",140,274,62990
"P17","B","INTERPRET",-13,280,63035
"P17","B","INTERPRET",133,292,63094
"P17","B","INTERPRET",78,297,63136
"P17","B","INTERPRET",61,284,63176
"P17","B","INTERPRET",97,279,63226
"P17","B","INTERPRET",69,180,63267
"P17","B","INTERPRET",144,293,63315
"P17","B","INTERPRET",181,296,63364
"P17","B","INTERPRET",-48,165,63414
"P17","B","INTERPRET",-34,159,63463
"P17","B","INTERPRET",64,265,63510
"P17","B","INTERPRET",105,182,63558
"P17","B","INTERPRET",176,305,63606
"P17","B","INTERPRET",-13,87,63654
"P17","B","INTERPRET",173,303,63704
"P17","B","INTERPRET",234,219,63748
"P17","B","INTERPRET",169,298,63787
"P17","B","INTERPRET",180,253,63828
"P17","B","INTERPRET",199,215,63868
"P17","B","INTERPRET",198,227,63907
"P17","B","INTERPRET",159,198,63946
"P17","B","INTERPRET",84,250,63985
"P17","B","INTERPRET",222,258,64024
"P17","B","INTERPRET",190,290,64070
"P17","B","INTERPRET",177,324,64119
"P17","B","INTERPRET",193,221,64165
"P17","B","INTERPRET",96,273,64203
"P17","B","INTERPRET",91,250,64242
"P17","B","INTERPRET",-36,111,64285
"P17","B","INTERPRET",61,271,64314
"P17","B","INTERPRET",227,423,64361
"P17","B","INTERPRET",234,450,64411
"P17","B","INTERPRET",97,406,64461
"P17","B","INTERPRET",201,437,64506
"P17","B","INTERPRET",249,449,64552
"P17","B","INTERPRET",218,470,64590
"P17","B","INTERPRET",221,439,64628
"P17","B","INTERPRET",247,437,64667
"P17","B","INTERPRET",196,465,64706
"P17","B","INTERPRET",196,475,64754
"P17","B","INTERPRET",194,437,64793
"P17","B","INTERPRET",201,476,64832
"P17","B","INTERPRET",253,481,64871
"P17","B","INTERPRET",264,486,64909
"P17","B","INTERPRET",292,450,64948
"P17","B","INTERPRET",262,541,64996
"P17","B","INTERPRET",60,348,65230
"P17","B","INTERPRET",-44,187,65447
"P17","B","INTERPRET",124,-76,65474
"P17","B","INTERPRET",240,129,66313
"P17","B","INTERPRET",195,445,70810
"P17","B","INTERPRET",271,649,71928
"P17","B","INTERPRET",271,646,71972
"P17","B","INTERPRET",229,525,72013
"P17","B","INTERPRET",314,585,72046
"P17","B","INTERPRET",325,496,72090
"P17","B","INTERPRET",286,624,72130
"P17","B","INTERPRET",320,507,72193
"P17","B","INTERPRET",327,529,72242
"P17","B","INTERPRET",315,511,72291
"P17","B","INTERPRET",329,507,72342
"P17","B","INTERPRET",269,584,72381
"P17","B","INTERPRET",257,587,72432
"P17","B","INTERPRET",300,617,72470
"P17","B","INTERPRET",289,628,72521
"P17","B","INTERPRET",268,521,72559
"P17","B","INTERPRET",248,614,72609
"P17","B","INTERPRET",290,552,72648
"P17","B","INTERPRET",207,545,72745
"P17","B","INTERPRET",258,547,72784
"P17","B","INTERPRET",248,533,72830
"P17","B","INTERPRET",176,420,72929
"P17","B","INTERPRET",261,518,72970
"P17","B","INTERPRET",207,358,73017
"P17","B","INTERPRET",111,507,73073
"P17","B","INTERPRET",205,663,73401
"P17","B","INTERPRET",243,607,73475
"P17","B","INTERPRET",277,636,73583
"P17","B","INTERPRET",257,515,73627
"P17","B","INTERPRET",234,527,73686
"P17","B","INTERPRET",286,519,73744
"P17","B","INTERPRET",399,593,73931
"P17","B","INTERPRET",323,670,73967
"P17","B","INTERPRET",377,591,74008
"P17","B","INTERPRET",345,647,74043
"P17","B","INTERPRET",366,638,74082
"P17","B","INTERPRET",349,661,74116
"P17","B","INTERPRET",325,685,74149
"P17","B","INTERPRET",331,661,74185
"P17","B","INTERPRET",350,664,74226
"P17","B","INTERPRET",294,287,74434
"P17","B","INTERPRET",269,141,74475
"P17","B","INTERPRET",323,125,74526
"P17","B","INTERPRET",269,81,74614
"P17","B","INTERPRET",345,589,74902
"P17","B","INTERPRET",277,618,74943
"P17","B","INTERPRET",271,619,74995
"P17","B","INTERPRET",309,620,75034
"P17","B","INTERPRET",297,612,75079
"P17","B","INTERPRET",326,551,75125
"P17","B","INTERPRET",292,613,75171
"P17","B","INTERPRET",102,569,75222
"P17","B","INTERPRET",101,585,75273
"P17","B","INTERPRET",170,595,75366
"P17","B","INTERPRET",112,674,75418
"P17","B","INTERPRET",139,622,75448
"P17","B","INTERPRET",199,644,75484
"P17","B","INTERPRET",191,601,75535
"P17","B","INTERPRET",183,584,75567
"P17","B","INTERPRET",124,644,75593
"P17","B","INTERPRET",109,678,75620
"P17","B","INTERPRET",142,672,75647
"P17","B","INTERPRET",179,600,75675
"P17","B","INTERPRET",131,661,75704
"P17","B","INTERPRET",201,592,75735
"P17","B","INTERPRET",120,637,75766
"P17","B","INTERPRET",194,582,75798
"P17","B","INTERPRET",133,653,75828
"P17","B","INTERPRET",121,659,75862
"P17","B","INTERPRET",169,606,75895
"P17","B","INTERPRET",141,627,75928
"P17","B","INTERPRET",129,634,75960
"P17","B","INTERPRET",343,354,75991
"P17","B","INTERPRET",464,115,76027
"P17","B","INTERPRET",384,170,76079
"P17","B","INTERPRET",473,166,76121
"P17","B","INTERPRET",469,119,76148
"P17","B","INTERPRET",459,149,76185
"P17","B","INTERPRET",455,174,76222
"P17","B","INTERPRET",543,98,76259
"P17","B","INTERPRET",576,98,76297
"P17","B","INTERPRET",573,108,76333
"P17","B","INTERPRET",569,93,76370
"P17","B","INTERPRET",575,37,76405
"P17","B","INTERPRET",570,87,76443
"P17","B","INTERPRET",556,9,76479
"P17","B","INTERPRET",541,80,76514
"P17","B","INTERPRET",537,118,76550
"P17","B","INTERPRET",538,95,76585
"P17","B","INTERPRET",527,33,76621
"P17","B","INTERPRET",556,53,76656
"P17","B","INTERPRET",535,102,76692
"P17","B","INTERPRET",521,130,76727
"P17","B","INTERPRET",541,93,76762
"P17","B","INTERPRET",535,103,76798
"P17","B","INTERPRET",551,35,76835
"P17","B","INTERPRET",537,49,76870
"P17","B","INTERPRET",528,106,76907
"P17","B","INTERPRET",531,124,76944
"P17","B","INTERPRET",531,-13,76980
"P17","B","INTERPRET",508,90,77017
"P17","B","INTERPRET",467,62,77054
"P17","B","INTERPRET",508,3,77091
"P17","B","INTERPRET",524,15,77128
"P17","B","INTERPRET",502,72,77165
"P17","B","INTERPRET",511,54,77202
"P17","B","INTERPRET",512,74,77240
"P17","B","INTERPRET",515,33,77277
"P17","B","INTERPRET",491,7,77315
"P17","B","INTERPRET",498,95,77354
"P17","B","INTERPRET",386,551,77392
"P17","B","INTERPRET",387,612,77430
"P17","B","INTERPRET",381,623,77468
"P17","B","INTERPRET",386,654,77504
"P17","B","INTERPRET",375,669,77541
"P17","B","INTERPRET",360,670,77579
"P17","B","INTERPRET",357,615,77617
"P17","B","INTERPRET",144,784,77654
"P17","B","INTERPRET",178,741,77691
"P17","B","INTERPRET",141,777,77729
"P17","B","INTERPRET",150,749,77766
"P17","B","INTERPRET",161,718,77802
"P17","B","INTERPRET",172,756,77838
"P17","B","INTERPRET",107,743,77874
"P17","B","INTERPRET",107,746,77911
"P17","B","INTERPRET",90,760,77947
"P17","B","INTERPRET",83,754,77982
"P17","B","INTERPRET",75,747,78018
"P17","B","INTERPRET",21,828,78054
"P17","B","INTERPRET",-7,870,78090
"P17","B","INTERPRET",21,877,78128
"P17","B","INTERPRET",43,832,78164
"P17","B","INTERPRET",36,822,78200
"P17","B","INTERPRET",32,852,78235
"P17","B","INTERPRET",58,856,78271
"P17","B","INTERPRET",-24,875,78307
"P17","B","INTERPRET",-1,861,78342
"P17","B","INTERPRET",18,859,78378
"P17","B","INTERPRET",279,507,78414
"P17","B","INTERPRET",361,255,78449
"P17","B","INTERPRET",377,145,78488
"P17","B","INTERPRET",372,219,78524
"P17","B","INTERPRET",369,197,78560
"P17","B","INTERPRET",356,251,78595
"P17","B","INTERPRET",321,208,78631
"P17","B","INTERPRET",296,237,78667
"P17","B","INTERPRET",306,196,78706
"P17","B","INTERPRET",310,140,78743
"P17","B","INTERPRET",309,158,78781
"P17","B","INTERPRET",316,154,78818
"P17","B","INTERPRET",320,195,78855
"P17","B","INTERPRET",301,216,78892
"P17","B","INTERPRET",326,145,78928
"P17","B","INTERPRET",250,236,78966
"P17","B","INTERPRET",227,244,79003
"P17","B","INTERPRET",133,204,79048
"P17","B","INTERPRET",167,446,79155
"P17","B","INTERPRET",201,272,79181
"P17","B","INTERPRET",223,232,79216
"P17","B","INTERPRET",218,257,79252
"P17","B","INTERPRET",223,229,79291
"P17","B","INTERPRET",231,195,79331
"P17","B","INTERPRET",472,90,79378
"P17","B","INTERPRET",644,156,79424
"P17","B","INTERPRET",643,222,79460
"P17","B","INTERPRET",630,203,79497
"P17","B","INTERPRET",649,161,79533
"P17","B","INTERPRET",646,180,79569
"P17","B","INTERPRET",652,183,79605
"P17","B","INTERPRET",653,195,79643
"P17","B","INTERPRET",656,105,79681
"P17","B","INTERPRET",610,110,79720
"P17","B","INTERPRET",632,123,79760
"P17","B","INTERPRET",597,109,79801
"P17","B","INTERPRET",604,97,79842
"P17","B","INTERPRET",613,86,79883
"P17","B","INTERPRET",614,182,79924
"P17","B","INTERPRET",618,181,79964
"P17","B","INTERPRET",635,172,80011
"P17","B","INTERPRET",626,137,80050
"P17","B","INTERPRET",605,148,80090
"P17","B","INTERPRET",628,227,80129
"P17","B","INTERPRET",894,91,80157
"P17","B","INTERPRET",1077,200,80198
"P17","B","INTERPRET",1128,-39,80270
"P17","B","INTERPRET",1128,140,80373
"P17","B","INTERPRET",1089,185,80403
"P17","B","INTERPRET",1143,55,80437
"P17","B","INTERPRET",1103,132,80482
"P17","B","INTERPRET",1110,124,80523
"P17","B","INTERPRET",694,232,80562
"P17","B","INTERPRET",229,272,80592
"P17","B","INTERPRET",345,468,84778
"P17","B","INTERPRET",203,429,84906
"P17","B","INTERPRET",196,214,84964
"P17","B","INTERPRET",307,252,85041
"P17","B","INTERPRET",226,225,85070
"P17","B","INTERPRET",230,330,85187
"P17","B","INTERPRET",209,269,85217
"P17","B","INTERPRET",237,267,85317
"P17","B","INTERPRET",246,374,87634
"P17","B","INTERPRET",339,394,87739
"P17","B","INTERPRET",315,362,87777
"P17","B","INTERPRET",309,394,87837
"P17","B","INTERPRET",217,357,87931
"P17","B","INTERPRET",297,371,87968
"P17","B","INTERPRET",214,336,88033
"P17","B","INTERPRET",340,439,88168
"P17","B","INTERPRET",302,486,88210
"P17","B","INTERPRET",265,354,88288
"P17","B","INTERPRET",307,434,88379
"P17","B","INTERPRET",325,488,88418
"P17","B","INTERPRET",310,411,88558
"P17","B","INTERPRET",312,208,96380
"P17","B","INTERPRET",333,230,96462
"P17","B","INTERPRET",218,283,96608
"P17","B","INTERPRET",219,252,96663
"P17","B","INTERPRET",223,422,97586
"P17","B","INTERPRET",253,372,97624
"P17","B","INTERPRET",332,339,97715
"P17","B","INTERPRET",523,319,97790
"P17","B","INTERPRET",386,491,98115
"P17","B","INTERPRET",-12,497,98893
"P17","B","INTERPRET",414,161,98973
"P17","B","INTERPRET",453,261,98999
"P17","B","INTERPRET",633,1251,102729
"P17","B","INTERPRET",519,1277,108305
"P17","B","INTERPRET",118,1087,108334
"P17","B","INTERPRET",158,1164,108359
"P17","B","INTERPRET",101,227,109730
"P17","B","INTERPRET",202,306,109812
"P17","B","INTERPRET",288,346,109886
"P17","B","INTERPRET",447,449,110333
"P17","B","INTERPRET",677,327,110469
"P17","B","INTERPRET",237,340,110831
"P17","B","INTERPRET",92,251,110868
"P17","B","INTERPRET",308,354,110992
"P17","B","INTERPRET",100,259,111093
"P17","B","INTERPRET",306,441,111287
"P17","B","INTERPRET",186,333,111387
"P17","B","INTERPRET",259,450,111492
"P17","B","INTERPRET",129,408,111530
"P17","B","INTERPRET",118,398,111580
"P17","B","INTERPRET",143,333,111631
"P17","B","INTERPRET",140,329,111684
"P17","B","INTERPRET",139,318,111729
"P17","B","INTERPRET",88,352,111764
"P17","B","INTERPRET",94,332,111802
"P17","B","INTERPRET",257,263,111897
"P17","B","INTERPRET",75,299,111929
"P17","B","INTERPRET",73,308,112026
"P17","B","INTERPRET",96,320,112075
"P17","B","INTERPRET",14,352,112113
"P17","B","INTERPRET",103,325,112153
"P17","B","INTERPRET",404,206,112293
"P17","B","INTERPRET",391,247,112794
"P17","B","INTERPRET",147,400,112883
"P17","B","INTERPRET",427,233,112917
"P17","B","INTERPRET",161,284,112968
"P17","B","INTERPRET",274,356,113007
"P17","B","INTERPRET",264,167,113061
"P17","B","INTERPRET",328,155,113107
"P17","B","INTERPRET",101,196,113187
"P17","B","INTERPRET",214,109,113230
"P17","B","INTERPRET",142,210,113281
"P17","B","INTERPRET",266,34,113327
"P17","B","INTERPRET",117,318,113422
"P17","B","INTERPRET",128,350,113470
"P17","B","INTERPRET",239,374,113555
"P17","B","INTERPRET",151,355,113584
"P17","B","INTERPRET",156,389,113635
"P17","B","INTERPRET",175,664,113685
"P17","B","INTERPRET",518,717,113814
"P17","B","INTERPRET",-26,325,113915
"P17","B","INTERPRET",350,166,113940
"P17","B","INTERPRET",329,300,113972
"P17","B","INTERPRET",200,235,114004
"P17","B","INTERPRET",176,357,114211
"P17","B","INTERPRET",191,338,114241
"P17","B","INTERPRET",168,383,114302
"P17","B","INTERPRET",195,383,114368
"P17","B","INTERPRET",173,359,114429
"P17","B","INTERPRET",216,420,114501
"P17","B","INTERPRET",207,345,114566
"P17","B","INTERPRET",203,352,114635
"P17","B","INTERPRET",144,393,114696
"P17","B","INTERPRET",280,386,114753
"P17","B","INTERPRET",61,334,114955
"P17","B","INTERPRET",119,354,115037
"P17","B","INTERPRET",433,453,115084
"P17","B","INTERPRET",203,383,115132
"P17","B","INTERPRET",134,359,115178
"P17","B","INTERPRET",110,408,115224
"P17","B","INTERPRET",400,364,115267
"P17","B","INTERPRET",394,307,115313
"P17","B","INTERPRET",356,397,115406
"P17","B","INTERPRET",68,348,115459
"P17","B","INTERPRET",328,573,116795
"P17","B","INTERPRET",237,575,116867
"P17","B","INTERPRET",361,592,116911
"P17","B","INTERPRET",165,360,117726
"P17","B","INTERPRET",169,304,117874
"P17","B","INTERPRET",167,242,118011
"P17","B","INTERPRET",205,351,118106
"P17","B","INTERPRET",252,218,118207
"P17","B","INTERPRET",249,199,118285
"P17","B","INTERPRET",247,203,118372
"P17","B","INTERPRET",321,460,118452
"P17","B","INTERPRET",107,396,118527
"P17","B","INTERPRET",102,358,118597
"P17","B","INTERPRET",267,353,118664
"P17","B","INTERPRET",155,355,118734
"P17","B","INTERPRET",149,380,118803
"P17","B","INTERPRET",107,371,118874
"P17","B","INTERPRET",148,347,118936
"P17","B","INTERPRET",138,351,119008
"P17","B","INTERPRET",76,752,119177
"P17","B","INTERPRET",175,398,119231
"P17","B","INTERPRET",153,398,119313
"P17","B","INTERPRET",107,346,119367
"P17","B","INTERPRET",72,368,119426
"P17","B","INTERPRET",-17,353,119474
"P17","B","INTERPRET",153,332,119522
"P17","B","INTERPRET",149,355,119569
"P17","B","INTERPRET",176,327,119615
"P17","B","INTERPRET",265,453,119661
"P17","B","INTERPRET",78,301,119707
"P17","B","INTERPRET",82,322,119754
"P17","B","INTERPRET",-4,345,119800
"P17","B","INTERPRET",17,316,119847
"P17","B","INTERPRET",201,328,119893
"P17","B","INTERPRET",356,416,119939
"P17","B","INTERPRET",242,402,119996
"P17","B","INTERPRET",426,454,120053
"P17","B","INTERPRET",64,339,120112
"P17","B","INTERPRET",89,370,120158
"P17","B","INTERPRET",96,348,120204
"P17","B","INTERPRET",143,348,120250
"P17","B","INTERPRET",164,328,120295
"P17","B","INTERPRET",108,341,120341
"P17","B","INTERPRET",140,351,120385
"P17","B","INTERPRET",227,236,120432
"P17","B","INTERPRET",79,368,120476
"P17","B","INTERPRET",93,338,120523
"P17","B","INTERPRET",157,304,120567
"P17","B","INTERPRET",108,341,120613
"P17","B","INTERPRET",51,353,120658
"P17","B","INTERPRET",88,345,120705
"P17","B","INTERPRET",218,321,120748
"P17","B","INTERPRET",106,352,120796
"P17","B","INTERPRET",210,423,120841
"P17","B","INTERPRET",73,358,120887
"P17","B","INTERPRET",64,360,120932
"P17","B","INTERPRET",115,391,120979
"P17","B","INTERPRET",189,517,121148
"P17","B","INTERPRET",129,396,121192
"P17","B","INTERPRET",169,411,121286
"P17","B","INTERPRET",74,362,121324
"P17","B","INTERPRET",95,358,121373
"P17","B","INTERPRET",62,355,121419
"P17","B","INTERPRET",101,450,121465
"P17","B","INTERPRET",123,412,121512
"P17","B","INTERPRET",244,457,121558
"P17","B","INTERPRET",154,361,121605
"P17","B","INTERPRET",123,435,121651
"P17","B","INTERPRET",207,420,121698
"P17","B","INTERPRET",36,368,121744
"P17","B","INTERPRET",167,387,121791
"P17","B","INTERPRET",91,360,121839
"P17","B","INTERPRET",111,348,121886
"P17","B","INTERPRET",63,328,121932
"P17","B","INTERPRET",58,377,121979
"P17","B","INTERPRET",29,379,122026
"P17","B","INTERPRET",59,364,122073
"P17","B","INTERPRET",41,360,122111
"P17","B","INTERPRET",275,350,122149
"P17","B","INTERPRET",162,415,122188
"P17","B","INTERPRET",26,403,122226
"P17","B","INTERPRET",104,359,122272
"P17","B","INTERPRET",68,368,122318
"P17","B","INTERPRET",160,362,122364
"P17","B","INTERPRET",182,357,122412
"P17","B","INTERPRET",63,370,122459
"P17","B","INTERPRET",231,266,122505
"P17","B","INTERPRET",90,421,122550
"P17","B","INTERPRET",125,349,122596
"P17","B","INTERPRET",101,367,122642
"P17","B","INTERPRET",31,400,122689
"P17","B","INTERPRET",284,238,122734
"P17","B","INTERPRET",11,397,122781
"P17","B","INTERPRET",57,328,123089
"P17","B","INTERPRET",76,345,123127
"P17","B","INTERPRET",131,336,123179
"P17","B","INTERPRET",309,244,123225
"P17","B","INTERPRET",109,437,123269
"P17","B","INTERPRET",96,377,123316
"P17","B","INTERPRET",302,487,123360
"P17","B","INTERPRET",179,325,123407
"P17","B","INTERPRET",94,378,123452
"P17","B","INTERPRET",86,412,123498
"P17","B","INTERPRET",168,509,123545
"P17","B","INTERPRET",232,436,123593
"P17","B","INTERPRET",140,373,123640
"P17","B","INTERPRET",48,355,123686
"P17","B","INTERPRET",122,391,123733
"P17","B","INTERPRET",93,389,123779
"P17","B","INTERPRET",52,370,123825
"P17","B","INTERPRET",35,396,123872
"P17","B","INTERPRET",51,366,123918
"P17","B","INTERPRET",82,368,123965
"P17","B","INTERPRET",65,306,124010
"P17","B","INTERPRET",132,328,124057
"P17","B","INTERPRET",223,496,124103
"P17","B","INTERPRET",649,1005,124247
"P17","B","INTERPRET",40,301,124655
"P17","B","INTERPRET",139,442,124708
"P17","B","INTERPRET",163,427,125102
"P17","B","INTERPRET",90,372,125129
"P17","B","INTERPRET",49,394,125168
"P17","B","INTERPRET",119,384,125206
"P17","B","INTERPRET",170,460,125244
"P17","B","INTERPRET",36,409,125282
"P17","B","INTERPRET",39,415,125323
"P17","B","INTERPRET",112,376,125362
"P17","B","INTERPRET",93,386,125401
"P17","B","INTERPRET",70,361,125440
"P17","B","INTERPRET",330,629,125489
"P17","B","INTERPRET",552,1036,125617
"P17","B","INTERPRET",118,403,125976
"P17","B","INTERPRET",98,339,126030
"P17","B","INTERPRET",611,1323,126938
"P17","B","INTERPRET",134,310,127032
"P17","B","INTERPRET",160,295,127076
"P17","B","INTERPRET",262,363,127125
"P17","B","INTERPRET",420,240,127186
"P17","B","INTERPRET",100,339,127318
"P17","B","INTERPRET",91,328,127376
"P17","B","INTERPRET",264,435,128323
"P17","B","INTERPRET",478,535,128399
"P17","B","INTERPRET",117,332,129319
"P17","B","INTERPRET",377,177,130022
"P17","B","INTERPRET",246,302,130254
"P17","B","INTERPRET",396,395,131979
"P17","B","INTERPRET",342,384,132195
"P17","B","INTERPRET",289,294,133409
"P17","B","INTERPRET",238,440,133551
"P17","B","INTERPRET",234,440,133591
"P17","B","INTERPRET",127,371,133658
"P17","B","INTERPRET",193,408,133733
"P17","B","INTERPRET",129,358,133819
"P17","B","INTERPRET",224,453,133897
"P17","B","INTERPRET",291,980,134067
"P17","B","INTERPRET",166,439,134113
"P17","B","INTERPRET",140,518,134346
"P17","B","INTERPRET",300,353,134446
"P17","B","INTERPRET",299,355,134490
"P17","B","INTERPRET",238,355,134540
"P17","B","INTERPRET",325,286,134591
"P17","B","INTERPRET",194,427,134663
"P17","B","INTERPRET",218,417,134720
"P17","B","INTERPRET",263,412,134787
"P17","B","INTERPRET",292,324,134860
"P17","B","INTERPRET",245,427,134934
"P17","B","INTERPRET",316,314,135019
"P17","B","INTERPRET",369,470,135350
"P17","B","INTERPRET",139,376,135389
"P17","B","INTERPRET",146,366,135440
"P17","B","INTERPRET",86,383,135486
"P17","B","INTERPRET",145,373,135532
"P17","B","INTERPRET",275,451,135578
"P17","B","INTERPRET",80,363,135624
"P17","B","INTERPRET",243,382,135671
"P17","B","INTERPRET",275,366,136119
"P17","B","INTERPRET",138,259,136150
"P17","B","INTERPRET",125,370,136208
"P17","B","INTERPRET",91,352,136297
"P17","B","INTERPRET",230,222,136450
"P17","B","INTERPRET",355,279,136489
"P17","B","INTERPRET",242,255,136540
"P17","B","INTERPRET",280,324,136588
"P17","B","INTERPRET",178,376,136634
"P17","B","INTERPRET",194,254,136693
"P17","B","INTERPRET",622,1159,136862
"P17","B","INTERPRET",232,351,136983
"P17","B","INTERPRET",329,341,137337
"P17","B","INTERPRET",370,285,137372
"P17","B","INTERPRET",148,401,137472
"P17","B","INTERPRET",147,403,137528
"P17","B","INTERPRET",169,410,137591
"P17","B","INTERPRET",261,295,137655
"P17","B","INTERPRET",179,358,137719
"P17","B","INTERPRET",176,352,137781
"P17","B","INTERPRET",197,359,137853
"P17","B","INTERPRET",143,374,137921
"P17","B","INTERPRET",225,764,137979
"P17","B","INTERPRET",245,598,138115
"P17","B","INTERPRET",265,452,138144
"P17","B","INTERPRET",136,389,138411
"P17","B","INTERPRET",148,375,138470
"P17","B","INTERPRET",262,353,138523
"P17","B","INTERPRET",177,406,138585
"P17","B","INTERPRET",231,486,138649
"P17","B","INTERPRET",179,376,138727
"P17","B","INTERPRET",281,351,138797
"P17","B","INTERPRET",68,369,138869
"P17","B","INTERPRET",72,361,138941
"P17","B","INTERPRET",129,361,138988
"P17","B","INTERPRET",75,372,139035
"P17","B","INTERPRET",81,365,139081
"P17","B","INTERPRET",86,469,139127
"P17","B","INTERPRET",71,378,139173
"P17","B","INTERPRET",52,376,139219
"P17","B","INTERPRET",28,390,139266
"P17","B","INTERPRET",64,374,139311
"P17","B","INTERPRET",289,257,139357
"P17","B","INTERPRET",124,349,139449
"P17","B","INTERPRET",200,271,139506
"P17","B","INTERPRET",128,441,139599
"P17","B","INTERPRET",76,381,139637
"P17","B","INTERPRET",83,355,139686
"P17","B","INTERPRET",331,587,139855
"P17","B","INTERPRET",347,467,139893
"P17","B","INTERPRET",55,387,140504
"P17","B","INTERPRET",146,351,140545
"P17","B","INTERPRET",107,361,140586
"P17","B","INTERPRET",67,368,140627
"P17","B","INTERPRET",86,384,140666
"P17","B","INTERPRET",129,352,140705
"P17","B","INTERPRET",28,381,140754
"P17","B","INTERPRET",101,356,140801
"P17","B","INTERPRET",34,370,140847
"P17","B","INTERPRET",57,377,140894
"P17","B","INTERPRET",220,378,140940
"P17","B","INTERPRET",64,352,140987
"P17","B","INTERPRET",224,385,141033
"P17","B","INTERPRET",120,320,141279
"P17","B","INTERPRET",138,334,141377
"P17","B","INTERPRET",300,416,141531
"P17","B","INTERPRET",204,343,141574
"P17","B","INTERPRET",257,336,142915
"P17","B","INTERPRET",300,380,142976
"P17","B","INTERPRET",283,386,143057
"P17","B","INTERPRET",295,340,143134
"P17","B","INTERPRET",303,229,143211
"P17","B","INTERPRET",199,390,143284
"P17","B","INTERPRET",218,318,143360
"P17","B","INTERPRET",266,354,143422
"P17","B","INTERPRET",294,393,143491
"P17","B","INTERPRET",333,342,143552
"P17","B","INTERPRET",294,385,143630
"P17","B","INTERPRET",335,220,143688
"P17","B","INTERPRET",303,300,143769
"P17","B","INTERPRET",302,316,143837
"P17","B","INTERPRET",303,331,143918
"P17","B","INTERPRET",298,319,143994
"P17","B","INTERPRET",338,235,144826
"P17","B","INTERPRET",259,327,144927
"P17","B","INTERPRET",181,331,144984
"P17","B","INTERPRET",327,405,146708
"P17","B","INTERPRET",380,375,146752
"P17","B","INTERPRET",167,342,146798
"P17","B","INTERPRET",350,450,146895
"P17","B","INTERPRET",202,392,146950
"P17","B","INTERPRET",238,364,147011
"P17","B","INTERPRET",203,341,147079
"P17","B","INTERPRET",211,329,147147
"P17","B","INTERPRET",237,351,147215
"P17","B","INTERPRET",251,386,147269
"P17","B","INTERPRET",278,383,147338
"P17","B","INTERPRET",337,456,147397
"P17","B","INTERPRET",226,569,147602
"P17","B","INTERPRET",178,371,147711
"P17","B","INTERPRET",190,402,147772
"P17","B","INTERPRET",177,407,147866
"P17","B","INTERPRET",167,360,147934
"P17","B","INTERPRET",114,391,148010
"P17","B","INTERPRET",136,415,148171
"P17","B","INTERPRET",138,343,148372
"P17","B","INTERPRET",89,722,148601
"P17","B","INTERPRET",138,662,148784
"P17","B","INTERPRET",106,476,148821
"P17","B","INTERPRET",71,346,148897
"P17","B","INTERPRET",72,459,148947
"P17","B","INTERPRET",94,358,148989
"P17","B","INTERPRET",102,347,149067
"P17","B","INTERPRET",100,359,149111
"P17","B","INTERPRET",233,424,151234
"P17","B","INTERPRET",242,345,151669
"P17","B","INTERPRET",294,390,151754
"P17","B","INTERPRET",311,284,151912
"P17","B","INTERPRET",339,278,151973
"P17","B","INTERPRET",63,834,152201
"P17","B","INTERPRET",315,335,153162
"P17","B","INTERPRET",305,347,153239
"P17","B","INTERPRET",318,188,153401
"P17","B","INTERPRET",209,258,153475
"P17","B","INTERPRET",153,419,154592
"P17","B","INTERPRET",73,400,154969
"P17","B","INTERPRET",138,370,155037
"P17","B","INTERPRET",145,384,155086
"P17","B","INTERPRET",139,361,155132
"P17","B","INTERPRET",270,245,156294
"P17","B","INTERPRET",375,285,156344
"P17","B","INTERPRET",347,264,156445
"P17","B","INTERPRET",425,375,157123
"P17","B","INTERPRET",241,354,157760
"P17","B","INTERPRET",290,419,157827
"P17","B","INTERPRET",268,328,157910
"P17","B","INTERPRET",294,389,157990
"P17","B","INTERPRET",303,405,158059
"P17","B","INTERPRET",403,579,158125
"P17","B","INTERPRET",326,369,158257
"P17","B","INTERPRET",389,216,158349
"P17","B","INTERPRET",326,329,158411
"P17","B","INTERPRET",355,332,158492
"P17","B","INTERPRET",341,318,158570
"P17","B","INTERPRET",155,163,158729
"P17","B","INTERPRET",310,366,159119
"P17","B","INTERPRET",793,1181,160201
"P17","B","INTERPRET",717,1194,160237
"P17","B","INTERPRET",743,1222,160262
"P17","B","INTERPRET",730,1277,160339
"P17","B","INTERPRET",221,1126,160366
"P17","B","INTERPRET",609,1279,160419
"P17","B","INTERPRET",-24,568,161542
"P17","B","INTERPRET",7,460,161997
"P17","B","INTERPRET",-156,574,162047
"P17","B","INTERPRET",190,360,162139
"P17","B","INTERPRET",510,241,162246
"P17","B","INTERPRET",564,1207,162644
"P17","B","INTERPRET",495,470,163134
"P17","B","INTERPRET",871,1148,163672
"P17","B","INTERPRET",860,1223,163726
"P17","B","INTERPRET",777,1246,163752
"P17","B","INTERPRET",940,1072,163796
"P17","B","INTERPRET",887,1177,163836
"P17","B","INTERPRET",821,848,163878
"P17","B","INTERPRET",779,1397,163920
"P17","B","INTERPRET",829,1491,163961
"P17","B","INTERPRET",713,1214,164512
"P17","B","INTERPRET",745,1152,164674
"P17","B","INTERPRET",690,1221,164727
"P17","B","INTERPRET",725,1157,164752
"P17","B","INTERPRET",714,1258,164777
"P17","B","INTERPRET",691,1215,164803
"P17","B","INTERPRET",686,1194,164828
"P17","B","INTERPRET",691,1187,164853
"P17","B","INTERPRET",690,1217,164879
"P17","B","INTERPRET",692,1226,164904
"P17","B","INTERPRET",687,1216,164930
"P17","B","INTERPRET",718,1245,164955
"P17","B","INTERPRET",727,1160,164981
"P17","B","INTERPRET",715,1179,165006
"P17","B","INTERPRET",721,1172,165032
"P17","B","INTERPRET",662,1183,165057
"P17","B","INTERPRET",653,1166,165083
"P17","B","INTERPRET",639,1252,165153
"P17","B","INTERPRET",644,1223,165230
"P17","B","INTERPRET",681,1175,165270
"P17","B","INTERPRET",696,1183,165309
"P17","B","INTERPRET",631,1244,165357
"P17","B","INTERPRET",655,1218,165397
"P17","B","INTERPRET",697,1220,165439
"P17","B","INTERPRET",1156,677,165481
"P17","B","INTERPRET",619,1188,165573
"P17","B","INTERPRET",134,517,167864
"P17","B","INTERPRET",131,584,167904
"P17","B","INTERPRET",199,517,168036
"P17","B","INTERPRET",198,540,168093
"P17","B","INTERPRET",191,533,168240
"P17","B","INTERPRET",241,555,168303
"P17","B","INTERPRET",172,725,168363
"P17","B","INTERPRET",61,656,168465
"P17","B","INTERPRET",118,624,168619
"P17","B","INTERPRET",134,643,168750
"P17","B","INTERPRET",158,643,168848
"P17","B","INTERPRET",175,650,168904
"P17","B","INTERPRET",68,601,168953
"P17","B","INTERPRET",90,577,169000
"P17","B","INTERPRET",93,574,169047
"P17","B","INTERPRET",77,580,169094
"P17","B","INTERPRET",37,610,169140
"P17","B","INTERPRET",126,669,169187
"P17","B","INTERPRET",40,604,169233
"P17","B","INTERPRET",37,457,169280
"P17","B","INTERPRET",40,483,169326
"P17","B","INTERPRET",4,408,169373
"P17","B","INTERPRET",13,418,169419
"P17","B","INTERPRET",-25,437,169468
"P17","B","INTERPRET",-34,449,169515
"P17","B","INTERPRET",-29,428,169562
"P17","B","INTERPRET",56,509,169610
"P17","B","INTERPRET",58,456,169658
"P17","B","INTERPRET",98,477,169752
"P17","B","INTERPRET",593,1051,169872
"P17","B","INTERPRET",131,332,170288
"P17","B","INTERPRET",176,331,170317
"P17","B","INTERPRET",-39,822,174760
"P17","B","INTERPRET",987,537,175303
"P17","B","INTERPRET",1132,478,175402
"P17","B","INTERPRET",1120,488,175594
"P17","B","INTERPRET",1131,423,175658
"P17","B","INTERPRET",1144,434,175773
"P17","B","INTERPRET",1091,437,175828
"P17","B","INTERPRET",995,457,175888
"P17","B","INTERPRET",1008,474,175944
"P17","B","INTERPRET",931,467,175988
"P17","B","INTERPRET",906,465,176034
"P17","B","INTERPRET",912,469,176068
"P17","B","INTERPRET",904,439,176103
"P17","B","INTERPRET",965,707,176285
"P17","B","INTERPRET",941,544,176332
"P17","B","INTERPRET",137,317,177306
"P17","B","INTERPRET",150,300,177348
"P17","B","INTERPRET",87,432,177386
"P17","B","INTERPRET",47,452,177434
"P17","B","INTERPRET",29,415,177933
"P17","B","INTERPRET",83,340,177988
"P17","B","INTERPRET",112,424,178096
"P17","B","INTERPRET",109,450,178120
"P17","B","INTERPRET",127,377,178325
"P17","B","INTERPRET",202,345,178358
"P17","B","INTERPRET",45,433,178495
"P17","B","INTERPRET",98,379,178521
"P17","B","INTERPRET",154,393,178562
"P17","B","INTERPRET",177,381,178596
"P17","B","INTERPRET",6,705,178638
"P17","B","INTERPRET",35,722,178672
"P17","B","INTERPRET",-8,729,178708
"P17","B","INTERPRET",107,720,178742
"P17","B","INTERPRET",129,702,178777
"P17","B","INTERPRET",141,749,178812
"P17","B","INTERPRET",-71,687,178848
"P17","B","INTERPRET",-130,785,178883
"P17","B","INTERPRET",-105,779,178926
"P17","B","INTERPRET",260,198,178970
"P17","B","INTERPRET",182,233,179013
"P17","B","INTERPRET",138,361,179060
"P17","B","INTERPRET",69,409,179092
"P17","B","INTERPRET",35,450,179132
"P17","B","INTERPRET",120,269,179174
"P17","B","INTERPRET",102,277,179217
"P17","B","INTERPRET",112,287,179250
"P17","B","INTERPRET",249,238,179289
"P17","B","INTERPRET",335,195,179323
"P17","B","INTERPRET",21,317,179369
"P17","B","INTERPRET",211,243,179406
"P17","B","INTERPRET",237,277,179447
"P17","B","INTERPRET",291,199,179486
"P17","B","INTERPRET",139,292,179525
"P17","B","INTERPRET",153,269,179569
"P17","B","INTERPRET",181,253,179643
"P17","B","INTERPRET",132,325,179689
"P17","B","INTERPRET",255,240,179729
"P17","B","INTERPRET",250,165,179763
"P17","B","INTERPRET",5,599,179803
"P17","B","INTERPRET",-41,717,179843
"P17","B","INTERPRET",-87,725,179876
"P17","B","INTERPRET",-97,723,179921
"P17","B","INTERPRET",-80,705,179963
"P17","B","INTERPRET",-28,737,180008
"P17","B","INTERPRET",59,437,180068
"P17","B","INTERPRET",-59,707,180131
"P17","B","INTERPRET",-55,747,180208
"P17","B","INTERPRET",-5,754,180275
"P17","B","INTERPRET",720,329,180502
"P17","B","INTERPRET",250,199,180681
"P17","B","INTERPRET",569,299,181181
"P17","B","INTERPRET",928,303,181210
"P17","B","INTERPRET",833,364,181268
"P17","B","INTERPRET",595,-62,181400
"P17","B","INTERPRET",633,331,181503
"P17","B","INTERPRET",430,266,181569
"P17","B","INTERPRET",12,369,181628
"P17","B","INTERPRET",247,221,181671
"P17","B","INTERPRET",163,258,181712
"P17","B","INTERPRET",211,262,181810
"P17","B","INTERPRET",415,207,182209
"P17","B","INTERPRET",207,251,182315
"P17","B","INTERPRET",76,317,182355
"P17","B","INTERPRET",-72,371,182492
"P17","B","INTERPRET",309,196,182738
"P17","B","INTERPRET",154,263,182768
"P17","B","INTERPRET",192,343,184244
"P17","B","INTERPRET",15,360,184282
"P17","B","INTERPRET",907,441,184334
"P17","B","INTERPRET",943,460,184383
"P17","B","INTERPRET",968,457,184431
"P17","B","INTERPRET",960,482,184490
"P17","B","INTERPRET",134,735,186476
"P17","B","INTERPRET",120,697,186517
"P17","B","INTERPRET",137,780,186551
"P17","B","INTERPRET",163,706,186589
"P17","B","INTERPRET",93,710,186653
"P17","B","INTERPRET",-8,815,186739
"P17","B","INTERPRET",-58,850,186835
"P17","B","INTERPRET",9,809,186880
"P17","B","INTERPRET",6,803,186928
"P17","B","INTERPRET",24,612,186966
"P17","B","INTERPRET",172,495,187014
"P17","B","INTERPRET",554,208,187374
"P17","B","INTERPRET",74,258,187446
"P17","B","INTERPRET",326,348,187686
"P17","B","INTERPRET",389,120,188177
"P17","B","INTERPRET",-10,530,188941
"P17","B","INTERPRET",-1,517,189064
"P17","B","INTERPRET",122,513,189183
"P17","B","INTERPRET",160,491,189268
"P17","B","INTERPRET",181,543,189353
"P17","B","INTERPRET",117,592,189418
"P17","B","INTERPRET",94,586,189490
"P17","B","INTERPRET",80,588,189565
"P17","B","INTERPRET",269,552,189612
"P17","B","INTERPRET",706,-1,189967
"P17","B","INTERPRET",492,-33,190652
"P17","B","INTERPRET",825,422,190949
"P17","B","INTERPRET",925,486,191019
"P17","B","INTERPRET",199,473,192285
"P17","B","INTERPRET",154,423,192436
"P17","B","INTERPRET",15,363,192476
"P17","B","INTERPRET",165,391,192529
"P17","B","INTERPRET",150,392,192571
"P17","B","INTERPRET",66,349,192652
"P17","B","INTERPRET",-51,456,192696
"P17","B","INTERPRET",20,395,192795
"P17","B","INTERPRET",-62,426,192839
"P17","B","INTERPRET",-116,428,192886
"P17","B","INTERPRET",-64,431,192930
"P17","B","INTERPRET",-95,443,192973
"P17","B","INTERPRET",16,363,193016
"P17","B","INTERPRET",26,363,193063
"P17","B","INTERPRET",-53,427,193104
"P17","B","INTERPRET",187,364,193146
"P17","B","INTERPRET",179,382,193188
"P17","B","INTERPRET",542,418,193231
"P17","B","INTERPRET",211,307,193311
"P17","B","INTERPRET",326,375,193402
"P17","B","INTERPRET",550,320,193488
"P17","B","INTERPRET",374,397,193526
"P17","B","INTERPRET",463,378,193607
"P17","B","INTERPRET",161,991,193791
"P17","B","INTERPRET",222,623,193830
"P17","B","INTERPRET",124,729,193921
"P17","B","INTERPRET",114,626,193953
"P17","B","INTERPRET",266,676,193994
"P17","B","INTERPRET",201,697,194030
"P17","B","INTERPRET",222,694,194094
"P17","B","INTERPRET",222,690,194152
"P17","B","INTERPRET",221,746,194232
"P17","B","INTERPRET",180,719,194324
"P17","B","INTERPRET",293,722,194396
"P17","B","INTERPRET",268,720,194457
"P17","B","INTERPRET",286,725,194514
"P17","B","INTERPRET",-98,775,194561
"P17","B","INTERPRET",-89,772,194607
"P17","B","INTERPRET",-32,790,194662
"P17","B","INTERPRET",-41,790,194709
"P17","B","INTERPRET",-106,768,194755
"P17","B","INTERPRET",-58,771,194800
"P17","B","INTERPRET",24,827,194848
"P17","B","INTERPRET",-75,770,194894
"P17","B","INTERPRET",91,803,194948
"P17","B","INTERPRET",6,766,194995
"P17","B","INTERPRET",-28,761,195042
"P17","B","INTERPRET",118,774,195089
"P17","B","INTERPRET",111,802,195136
"P17","B","INTERPRET",-30,754,195182
"P17","B","INTERPRET",-34,765,195225
"P17","B","INTERPRET",-15,762,195271
"P17","B","INTERPRET",-36,777,195314
"P17","B","INTERPRET",-68,764,195357
"P17","B","INTERPRET",251,155,195437
"P17","B","INTERPRET",129,246,195741
"P17","B","INTERPRET",95,280,195793
"P17","B","INTERPRET",1,456,197001
"P17","B","INTERPRET",15,461,197038
"P17","B","INTERPRET",110,397,197782
"P17","B","INTERPRET",84,421,197855
"P17","B","INTERPRET",49,462,197884
"P17","B","INTERPRET",15,415,198556
"P17","B","INTERPRET",117,442,198582
"P17","B","INTERPRET",68,430,198621
"P17","B","INTERPRET",184,407,198659
"P17","B","INTERPRET",66,425,198697
"P17","B","INTERPRET",117,428,198735
"P17","B","INTERPRET",152,458,198774
"P17","B","INTERPRET",190,456,198812
"P17","B","INTERPRET",94,410,198851
"P17","B","INTERPRET",182,451,198891
"P17","B","INTERPRET",189,495,198942
"P17","B","INTERPRET",260,475,199011
"P17","B","INTERPRET",683,1008,199159
"P17","B","INTERPRET",277,393,199216
"P17","B","INTERPRET",133,457,199298
"P17","B","INTERPRET",59,642,199367
"P17","B","INTERPRET",66,636,199428
"P17","B","INTERPRET",109,586,199496
"P17","B","INTERPRET",75,627,199558
"P17","B","INTERPRET",54,626,199625
"P17","B","INTERPRET",47,678,199686
"P17","B","INTERPRET",33,659,199752
"P17","B","INTERPRET",52,666,199812
"P17","B","INTERPRET",32,671,199876
"P17","B","INTERPRET",34,675,199936
"P17","B","INTERPRET",66,671,199999
"P17","B","INTERPRET",61,392,200059
"P17","B","INTERPRET",69,374,200123
"P17","B","INTERPRET",50,399,200182
"P17","B","INTERPRET",187,79,200247
"P17","B","INTERPRET",184,95,200314
"P17","B","INTERPRET",216,424,200948
"P17","B","INTERPRET",1252,1201,206512
"P17","B","INTERPRET",623,1226,206831
"P17","B","INTERPRET",358,570,208453
"P17","B","INTERPRET",156,617,208726
"P17","B","INTERPRET",93,560,208790
"P17","B","INTERPRET",270,556,209110
"P17","B","INTERPRET",229,559,209365
"P17","B","INTERPRET",265,525,209730
"P17","B","INTERPRET",87,567,209794
"P17","B","INTERPRET",110,547,209918
"P17","B","INTERPRET",239,650,210011
"P17","B","INTERPRET",300,541,210103
"P17","B","INTERPRET",99,607,210188
"P17","B","INTERPRET",-15,623,210227
"P17","B","INTERPRET",89,716,210363
"P17","B","INTERPRET",106,663,210412
"P17","B","INTERPRET",183,331,212082
"P17","B","INTERPRET",167,381,212110
"P17","B","INTERPRET",143,298,212218
"P17","B","INTERPRET",400,348,212257
"P17","B","INTERPRET",233,357,212315
"P17","B","INTERPRET",253,323,212407
"P17","B","INTERPRET",659,1126,212536
"P17","B","INTERPRET",165,456,212660
"P17","B","INTERPRET",162,475,212698
"P17","B","INTERPRET",114,399,212748
"P17","B","INTERPRET",140,394,212792
"P17","B","INTERPRET",106,417,212831
"P17","B","INTERPRET",470,465,212876
"P17","B","INTERPRET",379,255,213064
"P17","B","INTERPRET",-60,470,214232
"P17","B","INTERPRET",-146,330,215210
"P17","B","INTERPRET",-155,372,215307
"P17","B","INTERPRET",-104,249,215391
"P17","B","INTERPRET",-102,446,216019
"P17","B","INTERPRET",-38,418,216063
"P17","B","INTERPRET",-90,439,216114
"P17","B","INTERPRET",-215,411,216157
"P17","B","INTERPRET",-233,503,216242
"P17","B","INTERPRET",-211,395,216366
"P17","B","INTERPRET",-140,508,216672
"P17","B","INTERPRET",-37,390,216787
"P17","B","INTERPRET",212,251,217303
"P17","B","INTERPRET",51,446,217938
"P17","B","INTERPRET",130,503,218078
"P17","B","INTERPRET",67,528,218137
"P17","B","INTERPRET",21,467,218648
"P17","B","INTERPRET",-14,725,218731
"P17","B","INTERPRET",-93,709,218770
"P17","B","INTERPRET",-9,560,218954
"P17","B","INTERPRET",11,573,219002
"P17","B","INTERPRET",466,607,219842
"P17","B","INTERPRET",501,610,219919
"P17","B","INTERPRET",464,623,219944
"P17","B","INTERPRET",446,612,219972
"P17","B","INTERPRET",165,552,220209
"P17","B","INTERPRET",139,634,220247
"P17","B","INTERPRET",79,545,220719
"P17","B","INTERPRET",189,616,221138
"P17","B","INTERPRET",187,602,221181
"P17","B","INTERPRET",110,634,221232
"P17","B","INTERPRET",398,521,221274
"P17","B","INTERPRET",450,479,221321
"P17","B","INTERPRET",387,530,221365
"P17","B","INTERPRET",296,596,221402
"P17","B","INTERPRET",414,462,221454
"P17","B","INTERPRET",429,503,221512
"P17","B","INTERPRET",550,495,221562
"P17","B","INTERPRET",582,636,221604
"P17","B","INTERPRET",614,488,221656
"P17","B","INTERPRET",560,618,221709
"P17","B","INTERPRET",438,591,221934
"P17","B","INTERPRET",-58,563,221968
"P17","B","INTERPRET",-66,605,222059
"P17","B","INTERPRET",-110,718,222098
"P17","B","INTERPRET",-20,584,222140
"P17","B","INTERPRET",-119,705,222180
"P17","B","INTERPRET",-124,714,222227
"P17","B","INTERPRET",-73,597,222265
"P17","B","INTERPRET",-16,574,222298
"P17","B","INTERPRET",-51,594,222336
"P17","B","INTERPRET",-79,705,222383
"P17","B","INTERPRET",-69,699,222469
"P17","B","INTERPRET",-20,545,222517
"P17","B","INTERPRET",-178,688,222565
"P17","B","INTERPRET",-178,571,222609
"P17","B","INTERPRET",-81,699,222848
"P17","B","INTERPRET",-61,639,222969
"P17","B","INTERPRET",-125,753,223001
"P17","B","INTERPRET",-37,593,223043
"P17","B","INTERPRET",-97,686,223083
"P17","B","INTERPRET",79,586,223126
"P17","B","INTERPRET",48,605,223165
"P17","B","INTERPRET",22,686,223207
"P17","B","INTERPRET",19,672,223251
"P17","B","INTERPRET",41,582,223294
"P17","B","INTERPRET",91,570,223337
"P17","B","INTERPRET",100,603,223379
"P17","B","INTERPRET",194,597,223424
"P17","B","INTERPRET",114,585,223469
"P17","B","INTERPRET",195,608,223512
"P17","B","INTERPRET",22,669,223553
"P17","B","INTERPRET",-92,720,223597
"P17","B","INTERPRET",-127,724,223635
"P17","B","INTERPRET",-21,578,223674
"P17","B","INTERPRET",-42,724,223712
"P17","B","INTERPRET",-193,784,223751
"P17","B","INTERPRET",-16,613,223833
"P17","B","INTERPRET",-127,719,223877
"P17","B","INTERPRET",3,610,223960
"P17","B","INTERPRET",-10,719,224000
"P17","B","INTERPRET",79,620,224046
"P17","B","INTERPRET",34,701,224089
"P17","B","INTERPRET",-14,717,224129
"P17","B","INTERPRET",50,620,224255
"P17","B","INTERPRET",196,605,224302
"P17","B","INTERPRET",80,624,224650
"P17","B","INTERPRET",93,648,224689
"P17","B","INTERPRET",95,651,224739
"P17","B","INTERPRET",78,658,224775
"P17","B","INTERPRET",95,652,224823
"P17","B","INTERPRET",169,368,224855
"P17","B","INTERPRET",-104,498,224900
"P17","B","INTERPRET",-34,421,224982
"P17","B","INTERPRET",-79,545,225020
"P17","B","INTERPRET",-27,433,225062
"P17","B","INTERPRET",-50,444,225101
"P17","B","INTERPRET",385,421,225145
"P17","B","INTERPRET",167,376,225237
"P17","B","INTERPRET",276,411,225275
"P17","B","INTERPRET",132,631,225564
"P17","B","INTERPRET",56,421,225795
"P17","B","INTERPRET",-1,416,225826
"P17","B","INTERPRET",74,484,225867
"P17","B","INTERPRET",144,324,225907
"P17","B","INTERPRET",-6,372,225945
"P17","B","INTERPRET",144,316,225983
"P17","B","INTERPRET",290,239,226020
"P17","B","INTERPRET",207,252,226058
"P17","B","INTERPRET",65,392,226107
"P17","B","INTERPRET",80,482,226154
"P17","B","INTERPRET",29,403,226201
"P17","B","INTERPRET",297,268,226247
"P17","B","INTERPRET",20,377,226293
"P17","B","INTERPRET",105,316,226340
"P17","B","INTERPRET",131,485,226384
"P17","B","INTERPRET",62,497,226428
"P17","B","INTERPRET",123,478,226474
"P17","B","INTERPRET",92,573,226518
"P17","B","INTERPRET",136,499,226561
"P17","B","INTERPRET",71,499,226605
"P17","B","INTERPRET",130,468,226649
"P17","B","INTERPRET",151,305,226693
"P17","B","INTERPRET",239,682,226970
"P17","B","INTERPRET",164,589,227038
"P17","B","INTERPRET",72,535,227137
"P17","B","INTERPRET",24,305,227176
"P17","B","INTERPRET",169,240,227227
"P17","B","INTERPRET",152,393,227275
"P17","B","INTERPRET",187,225,227320
"P17","B","INTERPRET",209,349,227364
"P17","B","INTERPRET",399,145,227696
"P17","B","INTERPRET",56,384,231787
"P17","B","INTERPRET",504,446,234974
"P17","B","INTERPRET",437,472,235012
"P17","B","INTERPRET",577,514,235103
"P17","B","INTERPRET",593,555,235148
"P17","B","INTERPRET",535,485,235251
"P17","B","INTERPRET",463,488,235307
"P17","B","INTERPRET",214,396,236166
"P17","B","INTERPRET",211,444,236197
"P17","B","INTERPRET",287,503,236238
"P17","B","INTERPRET",360,356,236375
"P17","B","INTERPRET",301,408,236527
"P17","B","INTERPRET",183,438,236561
"P17","B","INTERPRET",391,723,239479
"P17","B","INTERPRET",343,805,239517
"P17","B","INTERPRET",-45,436,239788
"P17","B","INTERPRET",35,480,239834
"P17","B","INTERPRET",25,479,239884
"P17","B","INTERPRET",234,360,240132
"P17","B","INTERPRET",155,462,240154
"P17","B","INTERPRET",167,471,240189
"P17","B","INTERPRET",208,375,240225
"P17","B","INTERPRET",145,468,240257
"P17","B","INTERPRET",224,369,240291
"P17","B","INTERPRET",147,483,240324
"P17","B","INTERPRET",114,358,240357
"P17","B","INTERPRET",127,354,240392
"P17","B","INTERPRET",111,366,240426
"P17","B","INTERPRET",110,375,240460
"P17","B","INTERPRET",116,374,240494
"P17","B","INTERPRET",111,372,240528
"P17","B","INTERPRET",154,362,240563
"P17","B","INTERPRET",97,361,240598
"P17","B","INTERPRET",115,348,240633
"P17","B","INTERPRET",48,340,240670
"P17","B","INTERPRET",79,321,240705
"P17","B","INTERPRET",127,248,240739
"P17","B","INTERPRET",111,265,240774
"P17","B","INTERPRET",83,330,240809
"P17","B","INTERPRET",102,319,240843
"P17","B","INTERPRET",120,321,240878
"P17","B","INTERPRET",124,310,240913
"P17","B","INTERPRET",102,308,240948
"P17","B","INTERPRET",191,275,240983
"P17","B","INTERPRET",94,311,241019
"P17","B","INTERPRET",132,296,241069
"P17","B","INTERPRET",198,290,241110
"P17","B","INTERPRET",231,686,241246
"P17","B","INTERPRET",285,406,241274
"P17","B","INTERPRET",228,347,241348
"P17","B","INTERPRET",338,433,241403
"P17","B","INTERPRET",241,379,241522
"P17","B","INTERPRET",261,354,241615
"P17","B","INTERPRET",201,379,241681
"P17","B","INTERPRET",119,407,241746
"P17","B","INTERPRET",572,1237,241888
"P17","B","INTERPRET",926,1116,247751
"P17","B","INTERPRET",910,1055,248069
"P17","B","INTERPRET",415,271,251897
"P17","B","INTERPRET",604,340,251988
"P17","B","INTERPRET",325,398,252105
"P17","B","INTERPRET",642,393,252271
"P17","B","INTERPRET",668,1239,255649
"P17","B","INTERPRET",512,432,259141
"P17","B","INTERPRET",141,640,259181
"P17","B","INTERPRET",86,510,259272
"P17","B","INTERPRET",71,533,261503
"P17","B","INTERPRET",45,511,261602
"P17","B","INTERPRET",51,568,261700
"P17","B","INTERPRET",1864,627,264012
"P17","B","INTERPRET",81,308,267144
"P17","B","INTERPRET",240,175,267169
"P17","B","INTERPRET",703,1044,267220
"P17","B","INTERPRET",313,-473,272077
"P17","B","INTERPRET",273,-452,272116
"P17","B","INTERPRET",171,212,272956
"P17","B","INTERPRET",203,132,272985
"P17","B","INTERPRET",300,162,273081
"P17","B","INTERPRET",391,160,273206
"P17","B","INTERPRET",454,528,276098
"P17","B","INTERPRET",123,403,276197
"P17","B","INTERPRET",87,429,276321
"P17","B","INTERPRET",137,472,276359
"P17","B","INTERPRET",36,431,276458
"P17","B","INTERPRET",750,1441,281731
"P17","B","INTERPRET",1087,1195,281828
"P17","B","INTERPRET",934,1445,281854
"P17","B","INTERPRET",873,1379,281969
"P17","B","INTERPRET",281,273,294632
"P17","B","INTERPRET",252,300,294787
"P17","B","INTERPRET",260,292,294862
"P17","B","INTERPRET",205,355,294975
"P17","B","INTERPRET",183,355,295036
"P17","B","INTERPRET",297,258,295148
"P17","B","INTERPRET",268,248,295229
"P17","B","INTERPRET",208,314,295287
"P17","B","INTERPRET",194,290,295348
"P17","B","INTERPRET",230,214,295417
"P17","B","INTERPRET",155,283,295463
"P17","B","INTERPRET",111,309,295765
"P17","B","INTERPRET",241,260,295952
"P17","B","INTERPRET",214,342,296237
"P17","B","INTERPRET",205,338,296311
"P17","B","INTERPRET",296,179,296684
"P17","B","INTERPRET",345,205,296724
"P17","B","INTERPRET",354,189,296813
"P17","B","INTERPRET",318,238,296885
"P17","B","INTERPRET",324,210,297012
"P17","B","INTERPRET",337,218,297050
"P17","B","INTERPRET",260,215,297158
"P17","B","INTERPRET",460,548,297391
"P17","B","INTERPRET",496,407,297465
"P17","B","INTERPRET",376,354,297587
"P17","B","INTERPRET",326,235,297772
"P17","B","INTERPRET",328,304,297820
"P17","B","INTERPRET",305,135,298528
"P17","B","INTERPRET",266,278,298649
"P17","B","INTERPRET",278,149,298835
